Ship Number,Trip Number,Tow Number
AVALON VOYAGER,1,7
Comments
"ZONE 12"
CPU Date and Time,GPS Date,GPS Time,Latitude,Longitude,Speed,Heading,Validity,Transducer Name,Sensor Name,Sensor Value,Error Code,Hydrophone,Signal Strength
,21-Jul-2022,195220,48 19.959800 N,063 10.246600 W,3.7,321.8,A,,,,,,
Thu Jul 21 16:52:17 2022,21-Jul-2022,195221,48 19.960500 N,063 10.247500 W,3.7,321.8,A,Primary,Headline,11.938776,D,S,139141.000000
Thu Jul 21 16:52:18 2022,21-Jul-2022,195222,48 19.961300 N,063 10.248400 W,3.6,321.9,A,Primary,Headline,25.122449,D,P,14420.000000
Thu Jul 21 16:52:18 2022,21-Jul-2022,195223,48 19.962100 N,063 10.249300 W,3.6,321.9,A,Primary,Headline,25.122449,D,P,14420.000000
Thu Jul 21 16:52:20 2022,21-Jul-2022,195224,48 19.962800 N,063 10.250200 W,3.6,321.8,A,DoorSpread,DoorMaster,3.340000,D,S,525609.000000
Thu Jul 21 16:52:20 2022,21-Jul-2022,195225,48 19.963600 N,063 10.251100 W,3.5,321.7,A,DoorSpread,DoorMaster,3.340000,D,S,525609.000000
Thu Jul 21 16:52:20 2022,21-Jul-2022,195226,48 19.964400 N,063 10.252000 W,3.5,321.7,A,DoorSpread,DoorMaster,3.340000,D,S,525609.000000
Thu Jul 21 16:52:23 2022,21-Jul-2022,195227,48 19.965100 N,063 10.252800 W,3.4,321.8,A,Primary,Headline,56.877551,D,S,1191997.000000
Thu Jul 21 16:52:23 2022,21-Jul-2022,195228,48 19.965900 N,063 10.253600 W,3.4,321.9,A,Primary,Headline,56.877551,D,S,1191997.000000
Thu Jul 21 16:52:25 2022,21-Jul-2022,195229,48 19.966700 N,063 10.254500 W,3.4,321.9,A,DoorSpread,DoorMaster,3.005000,D,S,427699.000000
Thu Jul 21 16:52:25 2022,21-Jul-2022,195230,48 19.967400 N,063 10.255300 W,3.3,321.8,A,DoorSpread,DoorMaster,3.005000,D,S,427699.000000
Thu Jul 21 16:52:27 2022,21-Jul-2022,195231,48 19.968100 N,063 10.256200 W,3.3,321.7,A,Depth,Depth,3.518519,D,S,1115565.000000
Thu Jul 21 16:52:28 2022,21-Jul-2022,195232,48 19.968900 N,063 10.257100 W,3.3,321.7,A,Primary,Headline,8.877551,D,S,31000.000000
Thu Jul 21 16:52:29 2022,21-Jul-2022,195233,48 19.969500 N,063 10.257800 W,3.3,321.8,A,Primary,Headline,16.448980,D,P,24276.000000
Thu Jul 21 16:52:30 2022,21-Jul-2022,195234,48 19.970200 N,063 10.258600 W,3.2,321.8,A,DoorSpread,DoorMaster,2.350000,D,P,3366.000000
Thu Jul 21 16:52:31 2022,21-Jul-2022,195235,48 19.970800 N,063 10.259500 W,3.2,321.8,A,DoorSpread,DoorMaster,2.365000,D,S,383482.000000
Thu Jul 21 16:52:31 2022,21-Jul-2022,195236,48 19.971500 N,063 10.260400 W,3.2,321.8,A,DoorSpread,DoorMaster,2.365000,D,S,383482.000000
Thu Jul 21 16:52:31 2022,21-Jul-2022,195237,48 19.972100 N,063 10.261200 W,3.1,321.8,A,DoorSpread,DoorMaster,2.365000,D,S,383482.000000
Thu Jul 21 16:52:34 2022,21-Jul-2022,195238,48 19.972800 N,063 10.262000 W,3.1,321.9,A,Primary,Headline,47.755102,D,P,11679.000000
Thu Jul 21 16:52:35 2022,21-Jul-2022,195239,48 19.973400 N,063 10.262800 W,3.1,322.1,A,Primary,Headline,55.510204,D,S,1506258.000000
Thu Jul 21 16:52:36 2022,21-Jul-2022,195240,48 19.974000 N,063 10.263600 W,3.1,322.2,A,DoorSpread,DoorMaster,2.215000,D,S,121716.000000
Thu Jul 21 16:52:36 2022,21-Jul-2022,195241,48 19.974700 N,063 10.264300 W,3.0,322.3,A,DoorSpread,DoorMaster,2.215000,D,S,121716.000000
Thu Jul 21 16:52:36 2022,21-Jul-2022,195242,48 19.975400 N,063 10.265000 W,3.0,322.3,A,DoorSpread,DoorMaster,2.215000,D,S,121716.000000
Thu Jul 21 16:52:36 2022,21-Jul-2022,195243,48 19.976100 N,063 10.265800 W,3.0,322.3,A,DoorSpread,DoorMaster,2.215000,D,S,121716.000000
Thu Jul 21 16:52:40 2022,21-Jul-2022,195244,48 19.976700 N,063 10.266600 W,3.0,322.3,A,Primary,Headline,57.959184,D,P,11402.000000
Thu Jul 21 16:52:41 2022,21-Jul-2022,195245,48 19.977300 N,063 10.267500 W,2.9,322.3,A,DoorSpread,DoorMaster,2.030000,D,S,349756.000000
Thu Jul 21 16:52:41 2022,21-Jul-2022,195246,48 19.977800 N,063 10.268400 W,2.9,322.3,A,DoorSpread,DoorMaster,2.030000,D,S,349756.000000
Thu Jul 21 16:52:41 2022,21-Jul-2022,195247,48 19.978400 N,063 10.269200 W,2.9,322.2,A,DoorSpread,DoorMaster,2.030000,D,S,349756.000000
Thu Jul 21 16:52:41 2022,21-Jul-2022,195248,48 19.979100 N,063 10.270000 W,2.9,322.2,A,DoorSpread,DoorMaster,2.030000,D,S,349756.000000
Thu Jul 21 16:52:41 2022,21-Jul-2022,195249,48 19.979700 N,063 10.270700 W,2.8,322.2,A,DoorSpread,DoorMaster,2.030000,D,S,349756.000000
Thu Jul 21 16:52:47 2022,21-Jul-2022,195250,48 19.980400 N,063 10.271500 W,2.8,322.2,A,DoorSpread,DoorMaster,4.835000,D,S,64788.000000
Thu Jul 21 16:52:47 2022,21-Jul-2022,195251,48 19.981100 N,063 10.272300 W,2.8,322.3,A,DoorSpread,DoorSlave,60.585000,D,P,1075.000000
Thu Jul 21 16:52:48 2022,21-Jul-2022,195252,48 19.981600 N,063 10.273100 W,2.8,322.4,A,Depth,Depth,10.370370,D,S,1795502.000000
Thu Jul 21 16:52:48 2022,21-Jul-2022,195253,48 19.982300 N,063 10.273700 W,2.8,322.5,A,Depth,Depth,10.370370,D,S,1795502.000000
Thu Jul 21 16:52:48 2022,21-Jul-2022,195254,48 19.982900 N,063 10.274200 W,2.7,322.7,A,Depth,Depth,10.370370,D,S,1795502.000000
Thu Jul 21 16:52:48 2022,21-Jul-2022,195255,48 19.983600 N,063 10.274800 W,2.7,322.7,A,Depth,Depth,10.370370,D,S,1795502.000000
Thu Jul 21 16:52:52 2022,21-Jul-2022,195256,48 19.984200 N,063 10.275400 W,2.7,322.6,A,DoorSpread,DoorMaster,3.025000,D,S,57073.000000
Thu Jul 21 16:52:52 2022,21-Jul-2022,195257,48 19.984800 N,063 10.276000 W,2.7,322.5,A,DoorSpread,DoorMaster,3.025000,D,S,57073.000000
Thu Jul 21 16:52:52 2022,21-Jul-2022,195258,48 19.985500 N,063 10.276700 W,2.7,322.5,A,DoorSpread,DoorMaster,3.025000,D,S,57073.000000
Thu Jul 21 16:52:55 2022,21-Jul-2022,195259,48 19.986100 N,063 10.277200 W,2.6,322.4,A,Depth,Depth,13.240741,D,S,1750920.000000
Thu Jul 21 16:52:55 2022,21-Jul-2022,195300,48 19.986700 N,063 10.277800 W,2.6,322.4,A,Depth,Depth,13.240741,D,S,1750920.000000
Thu Jul 21 16:52:57 2022,21-Jul-2022,195301,48 19.987300 N,063 10.278400 W,2.6,322.5,A,DoorSpread,DoorMaster,2.090000,D,P,1457.000000
Thu Jul 21 16:52:57 2022,21-Jul-2022,195302,48 19.987700 N,063 10.278900 W,2.5,322.5,A,DoorSpread,DoorMaster,2.090000,D,P,1457.000000
Thu Jul 21 16:52:57 2022,21-Jul-2022,195303,48 19.988200 N,063 10.279500 W,2.6,322.4,A,DoorSpread,DoorMaster,2.090000,D,P,1457.000000
Thu Jul 21 16:52:57 2022,21-Jul-2022,195304,48 19.988700 N,063 10.280300 W,2.7,321.9,A,DoorSpread,DoorMaster,2.090000,D,P,1457.000000
Thu Jul 21 16:52:57 2022,21-Jul-2022,195305,48 19.989200 N,063 10.281100 W,2.7,321.6,A,DoorSpread,DoorMaster,2.090000,D,P,1457.000000
Thu Jul 21 16:53:03 2022,21-Jul-2022,195306,48 19.989700 N,063 10.281800 W,2.7,321.4,A,DoorSpread,DoorMaster,1.430000,D,S,224434.000000
Thu Jul 21 16:53:03 2022,21-Jul-2022,195307,48 19.990200 N,063 10.282400 W,2.7,321.4,A,Primary,Headline,39.795918,D,S,1234990.000000
Thu Jul 21 16:53:03 2022,21-Jul-2022,195308,48 19.990800 N,063 10.283200 W,2.7,321.4,A,Primary,Headline,39.795918,D,S,1234990.000000
Thu Jul 21 16:53:03 2022,21-Jul-2022,195309,48 19.991400 N,063 10.283700 W,2.7,321.4,A,Primary,Headline,39.795918,D,S,1234990.000000
Thu Jul 21 16:53:03 2022,21-Jul-2022,195310,48 19.992000 N,063 10.284300 W,2.8,321.3,A,Primary,Headline,39.795918,D,S,1234990.000000
Thu Jul 21 16:53:03 2022,21-Jul-2022,195311,48 19.992600 N,063 10.284900 W,2.8,321.3,A,Primary,Headline,39.795918,D,S,1234990.000000
Thu Jul 21 16:53:08 2022,21-Jul-2022,195312,48 19.993200 N,063 10.285500 W,2.8,321.3,A,Primary,Headline,7.632653,D,S,1026648.000000
Thu Jul 21 16:53:09 2022,21-Jul-2022,195313,48 19.993900 N,063 10.286200 W,2.8,321.3,A,Depth,Depth,17.962963,D,S,1106215.000000
Thu Jul 21 16:53:09 2022,21-Jul-2022,195314,48 19.994500 N,063 10.286800 W,2.8,321.5,A,Depth,Depth,17.962963,D,S,1106215.000000
Thu Jul 21 16:53:09 2022,21-Jul-2022,195315,48 19.995100 N,063 10.287400 W,2.8,321.5,A,Depth,Depth,17.962963,D,S,1106215.000000
Thu Jul 21 16:53:09 2022,21-Jul-2022,195316,48 19.995700 N,063 10.288100 W,2.9,321.5,A,Depth,Depth,17.962963,D,S,1106215.000000
Thu Jul 21 16:53:13 2022,21-Jul-2022,195317,48 19.996200 N,063 10.288900 W,2.9,321.5,A,Primary,Headline,38.142857,D,P,13013.000000
Thu Jul 21 16:53:14 2022,21-Jul-2022,195318,48 19.996800 N,063 10.289700 W,2.9,321.5,A,Primary,Headline,38.183673,D,S,479236.000000
Thu Jul 21 16:53:14 2022,21-Jul-2022,195319,48 19.997500 N,063 10.290600 W,2.9,321.4,A,Primary,Headline,38.183673,D,S,479236.000000
Thu Jul 21 16:53:16 2022,21-Jul-2022,195320,48 19.998100 N,063 10.291300 W,3.0,321.5,A,Depth,Depth,20.370370,D,S,440152.000000
Thu Jul 21 16:53:16 2022,21-Jul-2022,195321,48 19.998700 N,063 10.292000 W,3.0,321.6,A,Depth,Depth,20.370370,D,S,440152.000000
Thu Jul 21 16:53:18 2022,21-Jul-2022,195322,48 19.999300 N,063 10.292700 W,3.0,321.6,A,DoorSpread,DoorMaster,2.310000,D,S,238818.000000
Thu Jul 21 16:53:19 2022,21-Jul-2022,195323,48 20.000000 N,063 10.293500 W,3.0,321.6,A,Primary,Headline,49.857143,D,S,334147.000000
Thu Jul 21 16:53:19 2022,21-Jul-2022,195324,48 20.000600 N,063 10.294300 W,3.0,321.6,A,Primary,Headline,49.857143,D,S,334147.000000
Thu Jul 21 16:53:19 2022,21-Jul-2022,195325,48 20.001200 N,063 10.295000 W,3.0,321.5,A,Primary,Headline,49.857143,D,S,334147.000000
Thu Jul 21 16:53:19 2022,21-Jul-2022,195326,48 20.001900 N,063 10.295800 W,3.1,321.6,A,Primary,Headline,49.857143,D,S,334147.000000
Thu Jul 21 16:53:23 2022,21-Jul-2022,195327,48 20.002700 N,063 10.296600 W,3.2,321.6,A,Depth,Depth,20.833333,D,S,559768.000000
Thu Jul 21 16:53:24 2022,21-Jul-2022,195328,48 20.003500 N,063 10.297700 W,3.4,321.5,A,Primary,Headline,14.571429,D,P,7221.000000
Thu Jul 21 16:53:25 2022,21-Jul-2022,195329,48 20.004300 N,063 10.298800 W,3.5,321.4,A,Primary,Headline,14.693878,D,S,1478156.000000
Thu Jul 21 16:53:25 2022,21-Jul-2022,195330,48 20.005100 N,063 10.300100 W,3.7,321.1,A,Primary,Headline,14.693878,D,S,1478156.000000
Thu Jul 21 16:53:25 2022,21-Jul-2022,195331,48 20.006100 N,063 10.301300 W,3.9,321.2,A,Primary,Headline,14.693878,D,S,1478156.000000
Thu Jul 21 16:53:25 2022,21-Jul-2022,195332,48 20.007100 N,063 10.302600 W,4.0,321.2,A,Primary,Headline,14.693878,D,S,1478156.000000
Thu Jul 21 16:53:30 2022,21-Jul-2022,195333,48 20.008200 N,063 10.304100 W,4.2,321.1,A,Primary,Headline,7.061224,D,S,1338433.000000
Thu Jul 21 16:53:30 2022,21-Jul-2022,195334,48 20.009200 N,063 10.305500 W,4.4,320.8,A,Depth,Depth,20.000000,D,S,1113803.000000
Thu Jul 21 16:53:30 2022,21-Jul-2022,195335,48 20.010300 N,063 10.306900 W,4.6,320.6,A,Depth,Depth,20.000000,D,S,1113803.000000
Thu Jul 21 16:53:30 2022,21-Jul-2022,195336,48 20.011600 N,063 10.308400 W,4.8,320.8,A,Depth,Depth,20.000000,D,S,1113803.000000
Thu Jul 21 16:53:30 2022,21-Jul-2022,195337,48 20.012800 N,063 10.310000 W,4.9,320.7,A,Depth,Depth,20.000000,D,S,1113803.000000
Thu Jul 21 16:53:34 2022,21-Jul-2022,195338,48 20.014000 N,063 10.311500 W,5.1,320.7,A,DoorSpread,DoorMaster,3.695000,D,S,140624.000000
Thu Jul 21 16:53:35 2022,21-Jul-2022,195339,48 20.015200 N,063 10.313000 W,5.2,320.9,A,Primary,Headline,38.285714,D,S,1775429.000000
Thu Jul 21 16:53:35 2022,21-Jul-2022,195340,48 20.016500 N,063 10.314600 W,5.3,320.9,A,Primary,Headline,38.285714,D,S,1775429.000000
Thu Jul 21 16:53:37 2022,21-Jul-2022,195341,48 20.017800 N,063 10.316300 W,5.5,320.8,A,Depth,Depth,18.703704,D,S,1180312.000000
Thu Jul 21 16:53:37 2022,21-Jul-2022,195342,48 20.019300 N,063 10.318000 W,5.6,320.7,A,Depth,Depth,18.703704,D,S,1180312.000000
Thu Jul 21 16:53:37 2022,21-Jul-2022,195343,48 20.020700 N,063 10.319800 W,5.7,320.5,A,Depth,Depth,18.703704,D,S,1180312.000000
Thu Jul 21 16:53:40 2022,21-Jul-2022,195344,48 20.022100 N,063 10.321500 W,5.8,320.5,A,DoorSpread,DoorMaster,3.085000,D,S,125882.000000
Thu Jul 21 16:53:41 2022,21-Jul-2022,195345,48 20.023500 N,063 10.323200 W,5.8,320.5,A,Primary,Headline,43.081633,D,S,661727.000000
Thu Jul 21 16:53:41 2022,21-Jul-2022,195346,48 20.024900 N,063 10.324900 W,5.9,320.6,A,Primary,Headline,43.081633,D,S,661727.000000
Thu Jul 21 16:53:41 2022,21-Jul-2022,195347,48 20.026200 N,063 10.326600 W,6.0,320.6,A,Primary,Headline,43.081633,D,S,661727.000000
Thu Jul 21 16:53:44 2022,21-Jul-2022,195348,48 20.027700 N,063 10.328400 W,6.0,320.6,A,Depth,Depth,16.574074,D,P,4699.000000
Thu Jul 21 16:53:45 2022,21-Jul-2022,195349,48 20.029000 N,063 10.330000 W,6.1,320.4,A,DoorSpread,DoorMaster,0.000000,E,S,122759.000000
Thu Jul 21 16:53:45 2022,21-Jul-2022,195350,48 20.030400 N,063 10.331600 W,6.2,320.3,A,DoorSpread,DoorMaster,0.000000,E,S,122759.000000
Thu Jul 21 16:53:47 2022,21-Jul-2022,195351,48 20.031800 N,063 10.333300 W,6.2,319.9,A,Primary,Headline,41.489796,D,S,621064.000000
Thu Jul 21 16:53:47 2022,21-Jul-2022,195352,48 20.033000 N,063 10.334900 W,6.3,319.8,A,Primary,Headline,41.489796,D,S,621064.000000
Thu Jul 21 16:53:47 2022,21-Jul-2022,195353,48 20.034300 N,063 10.336600 W,6.3,319.7,A,Primary,Headline,41.489796,D,S,621064.000000
Thu Jul 21 16:53:50 2022,21-Jul-2022,195354,48 20.035600 N,063 10.338200 W,6.4,319.6,A,DoorSpread,DoorMaster,0.000000,E,S,199056.000000
Thu Jul 21 16:53:51 2022,21-Jul-2022,195355,48 20.036900 N,063 10.339700 W,6.4,319.9,A,Depth,Depth,16.388889,D,S,820979.000000
Thu Jul 21 16:53:52 2022,21-Jul-2022,195356,48 20.038200 N,063 10.341200 W,6.4,319.8,A,Primary,Headline,15.387755,D,S,1087159.000000
Thu Jul 21 16:53:52 2022,21-Jul-2022,195357,48 20.039500 N,063 10.342800 W,6.5,319.5,A,Primary,Headline,15.387755,D,S,1087159.000000
Thu Jul 21 16:53:52 2022,21-Jul-2022,195358,48 20.040800 N,063 10.344400 W,6.5,319.3,A,Primary,Headline,15.387755,D,S,1087159.000000
Thu Jul 21 16:53:55 2022,21-Jul-2022,195359,48 20.042100 N,063 10.346100 W,6.5,319.0,A,DoorSpread,DoorMaster,0.000000,E,S,127909.000000
Thu Jul 21 16:53:55 2022,21-Jul-2022,195400,48 20.043400 N,063 10.347900 W,6.6,318.7,A,DoorSpread,DoorMaster,0.000000,E,S,127909.000000
Thu Jul 21 16:53:57 2022,21-Jul-2022,195401,48 20.044700 N,063 10.349700 W,6.6,318.7,A,Primary,Headline,7.918367,D,S,1170499.000000
Thu Jul 21 16:53:58 2022,21-Jul-2022,195402,48 20.046000 N,063 10.351400 W,6.6,319.1,A,Depth,Depth,17.129630,D,P,4836.000000
Thu Jul 21 16:53:59 2022,21-Jul-2022,195403,48 20.047300 N,063 10.353100 W,6.6,319.1,A,Depth,Depth,17.222222,D,S,1138466.000000
Thu Jul 21 16:54:00 2022,21-Jul-2022,195404,48 20.048600 N,063 10.354900 W,6.6,319.1,A,DoorSpread,DoorMaster,0.000000,E,S,225564.000000
Thu Jul 21 16:54:00 2022,21-Jul-2022,195405,48 20.049800 N,063 10.356700 W,6.5,318.9,A,DoorSpread,DoorMaster,0.000000,E,S,225564.000000
Thu Jul 21 16:54:02 2022,21-Jul-2022,195406,48 20.050900 N,063 10.358600 W,6.5,318.6,A,Primary,Headline,6.326531,D,S,1153425.000000
Thu Jul 21 16:54:02 2022,21-Jul-2022,195407,48 20.052100 N,063 10.360400 W,6.4,318.4,A,Primary,Headline,6.326531,D,S,1153425.000000
Thu Jul 21 16:54:02 2022,21-Jul-2022,195408,48 20.053300 N,063 10.362100 W,6.4,318.5,A,Primary,Headline,6.326531,D,S,1153425.000000
Thu Jul 21 16:54:06 2022,21-Jul-2022,195409,48 20.054400 N,063 10.363800 W,6.3,318.6,A,Depth,Depth,17.500000,D,S,1118966.000000
Thu Jul 21 16:54:06 2022,21-Jul-2022,195410,48 20.055600 N,063 10.365200 W,6.2,318.7,A,Depth,Depth,17.500000,D,S,1118966.000000
Thu Jul 21 16:54:07 2022,21-Jul-2022,195411,48 20.056700 N,063 10.366600 W,6.1,318.8,A,Primary,Headline,11.734694,D,S,713901.000000
Thu Jul 21 16:54:07 2022,21-Jul-2022,195412,48 20.057800 N,063 10.368100 W,6.0,318.8,A,Primary,Headline,11.734694,D,S,713901.000000
Thu Jul 21 16:54:07 2022,21-Jul-2022,195413,48 20.058800 N,063 10.369500 W,5.9,318.6,A,Primary,Headline,11.734694,D,S,713901.000000
Thu Jul 21 16:54:10 2022,21-Jul-2022,195414,48 20.059800 N,063 10.370800 W,5.8,318.7,A,DoorSpread,DoorMaster,0.000000,E,P,765.000000
Thu Jul 21 16:54:10 2022,21-Jul-2022,195415,48 20.060900 N,063 10.372100 W,5.7,318.7,A,DoorSpread,DoorMaster,0.000000,E,P,765.000000
Thu Jul 21 16:54:12 2022,21-Jul-2022,195416,48 20.062100 N,063 10.373400 W,5.6,318.7,A,Primary,Headline,14.653061,D,S,45674.000000
Thu Jul 21 16:54:13 2022,21-Jul-2022,195417,48 20.063100 N,063 10.374900 W,5.5,318.8,A,Primary,Headline,55.530612,D,P,6923.000000
Thu Jul 21 16:54:13 2022,21-Jul-2022,195418,48 20.064100 N,063 10.376200 W,5.5,318.8,A,Primary,Headline,55.530612,D,P,6923.000000
Thu Jul 21 16:54:15 2022,21-Jul-2022,195419,48 20.065200 N,063 10.377600 W,5.4,318.7,A,DoorSpread,DoorMaster,0.000000,E,P,827.000000
Thu Jul 21 16:54:15 2022,21-Jul-2022,195420,48 20.066300 N,063 10.379000 W,5.4,318.7,A,DoorSpread,DoorMaster,0.000000,E,P,827.000000
Thu Jul 21 16:54:15 2022,21-Jul-2022,195421,48 20.067400 N,063 10.380300 W,5.3,318.7,A,DoorSpread,DoorMaster,0.000000,E,P,827.000000
Thu Jul 21 16:54:18 2022,21-Jul-2022,195422,48 20.068600 N,063 10.381800 W,5.3,318.6,A,Primary,Headline,46.428571,D,S,1839712.000000
Thu Jul 21 16:54:18 2022,21-Jul-2022,195423,48 20.069800 N,063 10.383300 W,5.3,318.5,A,Primary,Headline,46.428571,D,S,1839712.000000
Thu Jul 21 16:54:20 2022,21-Jul-2022,195424,48 20.071000 N,063 10.384800 W,5.4,318.4,A,DoorSpread,DoorMaster,0.000000,E,S,103683.000000
Thu Jul 21 16:54:20 2022,21-Jul-2022,195425,48 20.072300 N,063 10.386300 W,5.4,318.4,A,DoorSpread,DoorMaster,0.000000,E,S,103683.000000
Thu Jul 21 16:54:20 2022,21-Jul-2022,195426,48 20.073500 N,063 10.387900 W,5.5,318.2,A,DoorSpread,DoorMaster,0.000000,E,S,103683.000000
Thu Jul 21 16:54:20 2022,21-Jul-2022,195427,48 20.074800 N,063 10.389600 W,5.5,318.2,A,DoorSpread,DoorMaster,0.000000,E,S,103683.000000
Thu Jul 21 16:54:24 2022,21-Jul-2022,195428,48 20.076000 N,063 10.391200 W,5.5,318.2,A,Primary,Headline,19.326531,D,S,1637835.000000
Thu Jul 21 16:54:25 2022,21-Jul-2022,195429,48 20.077100 N,063 10.392700 W,5.5,318.3,A,DoorSpread,DoorMaster,5.285000,D,P,993.000000
Thu Jul 21 16:54:26 2022,21-Jul-2022,195430,48 20.078300 N,063 10.394100 W,5.5,318.5,A,DoorSpread,DoorMaster,5.365000,D,S,168031.000000
Thu Jul 21 16:54:27 2022,21-Jul-2022,195431,48 20.079300 N,063 10.395400 W,5.5,318.7,A,Depth,Depth,22.685185,D,S,1186293.000000
Thu Jul 21 16:54:27 2022,21-Jul-2022,195432,48 20.080500 N,063 10.396800 W,5.5,318.8,A,Depth,Depth,22.685185,D,S,1186293.000000
Thu Jul 21 16:54:30 2022,21-Jul-2022,195433,48 20.081600 N,063 10.398100 W,5.5,318.9,A,Primary,Headline,59.244898,D,P,2420.000000
Thu Jul 21 16:54:30 2022,21-Jul-2022,195434,48 20.082800 N,063 10.399500 W,5.4,318.9,A,Primary,Headline,58.897959,D,S,1302166.000000
Thu Jul 21 16:54:31 2022,21-Jul-2022,195435,48 20.084000 N,063 10.400800 W,5.5,318.9,A,DoorSpread,DoorMaster,5.805000,D,S,106844.000000
Thu Jul 21 16:54:31 2022,21-Jul-2022,195436,48 20.085300 N,063 10.402300 W,5.5,318.8,A,DoorSpread,DoorMaster,5.805000,D,S,106844.000000
Thu Jul 21 16:54:31 2022,21-Jul-2022,195437,48 20.086500 N,063 10.403800 W,5.4,318.8,A,DoorSpread,DoorMaster,5.805000,D,S,106844.000000
Thu Jul 21 16:54:34 2022,21-Jul-2022,195438,48 20.087700 N,063 10.405200 W,5.4,318.8,A,Depth,Depth,24.351852,D,S,1017159.000000
Thu Jul 21 16:54:35 2022,21-Jul-2022,195439,48 20.088900 N,063 10.406600 W,5.4,318.8,A,Primary,Headline,34.469388,D,P,3378.000000
Thu Jul 21 16:54:35 2022,21-Jul-2022,195440,48 20.090100 N,063 10.408200 W,5.4,318.9,A,Primary,Headline,34.469388,D,P,3378.000000
Thu Jul 21 16:54:37 2022,21-Jul-2022,195441,48 20.091300 N,063 10.409700 W,5.3,318.9,A,DoorSpread,DoorMaster,5.765000,D,S,116911.000000
Thu Jul 21 16:54:37 2022,21-Jul-2022,195442,48 20.092400 N,063 10.411200 W,5.3,319.0,A,DoorSpread,DoorMaster,5.765000,D,S,116911.000000
Thu Jul 21 16:54:37 2022,21-Jul-2022,195443,48 20.093600 N,063 10.412700 W,5.3,319.0,A,DoorSpread,DoorMaster,5.765000,D,S,116911.000000
Thu Jul 21 16:54:40 2022,21-Jul-2022,195444,48 20.094700 N,063 10.414100 W,5.3,319.0,A,Primary,Headline,9.326531,D,S,1326844.000000
Thu Jul 21 16:54:41 2022,21-Jul-2022,195445,48 20.095800 N,063 10.415500 W,5.3,319.1,A,Depth,Depth,26.481481,D,S,1118842.000000
Thu Jul 21 16:54:42 2022,21-Jul-2022,195446,48 20.096900 N,063 10.416900 W,5.3,319.1,A,DoorSpread,DoorMaster,0.000000,E,P,531.000000
Thu Jul 21 16:54:42 2022,21-Jul-2022,195447,48 20.097900 N,063 10.418400 W,5.2,319.0,A,DoorSpread,DoorMaster,0.000000,E,P,531.000000
Thu Jul 21 16:54:42 2022,21-Jul-2022,195448,48 20.098900 N,063 10.419800 W,5.2,318.9,A,DoorSpread,DoorMaster,0.000000,E,P,531.000000
Thu Jul 21 16:54:42 2022,21-Jul-2022,195449,48 20.099900 N,063 10.421400 W,5.2,318.9,A,DoorSpread,DoorMaster,0.000000,E,P,531.000000
Thu Jul 21 16:54:46 2022,21-Jul-2022,195450,48 20.100900 N,063 10.423000 W,5.2,318.9,A,Primary,Headline,26.163265,D,S,1650306.000000
Thu Jul 21 16:54:47 2022,21-Jul-2022,195451,48 20.101900 N,063 10.424500 W,5.2,318.9,A,DoorSpread,DoorMaster,5.165000,D,P,912.000000
Thu Jul 21 16:54:48 2022,21-Jul-2022,195452,48 20.103000 N,063 10.426100 W,5.1,318.8,A,Depth,Depth,28.981481,D,S,1286190.000000
Thu Jul 21 16:54:48 2022,21-Jul-2022,195453,48 20.104000 N,063 10.427700 W,5.1,318.8,A,Depth,Depth,28.981481,D,S,1286190.000000
Thu Jul 21 16:54:48 2022,21-Jul-2022,195454,48 20.105000 N,063 10.429100 W,5.1,319.0,A,Depth,Depth,28.981481,D,S,1286190.000000
Thu Jul 21 16:54:51 2022,21-Jul-2022,195455,48 20.106100 N,063 10.430300 W,5.1,319.1,A,Primary,Headline,31.346939,D,S,1482069.000000
Thu Jul 21 16:54:51 2022,21-Jul-2022,195456,48 20.107300 N,063 10.431600 W,5.1,319.2,A,Primary,Headline,31.346939,D,S,1482069.000000
Thu Jul 21 16:54:53 2022,21-Jul-2022,195457,48 20.108400 N,063 10.432800 W,5.0,319.3,A,DoorSpread,DoorMaster,6.265000,D,S,81079.000000
Thu Jul 21 16:54:53 2022,21-Jul-2022,195458,48 20.109500 N,063 10.434000 W,5.0,319.2,A,DoorSpread,DoorMaster,6.265000,D,S,81079.000000
Thu Jul 21 16:54:55 2022,21-Jul-2022,195459,48 20.110500 N,063 10.435200 W,5.0,319.1,A,Depth,Depth,31.388889,D,S,1016514.000000
Thu Jul 21 16:54:55 2022,21-Jul-2022,195500,48 20.111600 N,063 10.436600 W,5.0,319.0,A,Depth,Depth,31.388889,D,S,1016514.000000
Thu Jul 21 16:54:57 2022,21-Jul-2022,195501,48 20.112700 N,063 10.438000 W,5.0,319.0,A,Primary,Headline,42.551020,D,S,804701.000000
Thu Jul 21 16:54:58 2022,21-Jul-2022,195502,48 20.113700 N,063 10.439300 W,5.0,319.1,A,DoorSpread,DoorMaster,6.225000,D,S,115939.000000
Thu Jul 21 16:54:59 2022,21-Jul-2022,195503,48 20.114900 N,063 10.440700 W,5.0,319.3,A,DoorSpread,DoorSlave,-53.360000,D,P,1702.000000
Thu Jul 21 16:54:59 2022,21-Jul-2022,195504,48 20.116000 N,063 10.442100 W,5.0,319.4,A,DoorSpread,DoorSlave,-53.360000,D,P,1702.000000
Thu Jul 21 16:54:59 2022,21-Jul-2022,195505,48 20.117100 N,063 10.443400 W,5.0,319.5,A,DoorSpread,DoorSlave,-53.360000,D,P,1702.000000
Thu Jul 21 16:55:03 2022,21-Jul-2022,195506,48 20.118100 N,063 10.444800 W,4.9,319.4,A,Primary,Headline,32.306122,D,S,613979.000000
Thu Jul 21 16:55:03 2022,21-Jul-2022,195507,48 20.119200 N,063 10.446200 W,4.9,319.2,A,Primary,Headline,32.306122,D,S,613979.000000
Thu Jul 21 16:55:04 2022,21-Jul-2022,195508,48 20.120200 N,063 10.447400 W,4.9,319.3,A,DoorSpread,DoorMaster,5.755000,D,S,73725.000000
Thu Jul 21 16:55:04 2022,21-Jul-2022,195509,48 20.121300 N,063 10.448500 W,4.8,319.6,A,DoorSpread,DoorMaster,5.755000,D,S,73725.000000
Thu Jul 21 16:55:04 2022,21-Jul-2022,195510,48 20.122300 N,063 10.449600 W,4.8,320.2,A,DoorSpread,DoorMaster,5.755000,D,S,73725.000000
Thu Jul 21 16:55:04 2022,21-Jul-2022,195511,48 20.123400 N,063 10.450800 W,4.8,320.5,A,DoorSpread,DoorMaster,5.755000,D,S,73725.000000
Thu Jul 21 16:55:08 2022,21-Jul-2022,195512,48 20.124500 N,063 10.452000 W,4.8,320.5,A,Primary,Headline,51.693878,D,S,744243.000000
Thu Jul 21 16:55:09 2022,21-Jul-2022,195513,48 20.125600 N,063 10.453400 W,4.8,320.2,A,Depth,Depth,34.166667,D,P,1723.000000
Thu Jul 21 16:55:10 2022,21-Jul-2022,195514,48 20.126700 N,063 10.455000 W,4.8,319.8,A,Depth,Depth,34.444444,D,S,778946.000000
Thu Jul 21 16:55:10 2022,21-Jul-2022,195515,48 20.127800 N,063 10.456400 W,4.8,319.9,A,Depth,Depth,34.444444,D,S,778946.000000
Thu Jul 21 16:55:10 2022,21-Jul-2022,195516,48 20.128900 N,063 10.457800 W,4.8,320.1,A,Depth,Depth,34.444444,D,S,778946.000000
Thu Jul 21 16:55:10 2022,21-Jul-2022,195517,48 20.130000 N,063 10.459100 W,4.8,320.4,A,Depth,Depth,34.444444,D,S,778946.000000
Thu Jul 21 16:55:14 2022,21-Jul-2022,195518,48 20.130900 N,063 10.460300 W,4.8,320.7,A,DoorSpread,DoorMaster,0.000000,E,S,103581.000000
Thu Jul 21 16:55:14 2022,21-Jul-2022,195519,48 20.132000 N,063 10.461400 W,4.7,320.9,A,DoorSpread,DoorMaster,0.000000,E,S,103581.000000
Thu Jul 21 16:55:14 2022,21-Jul-2022,195520,48 20.133000 N,063 10.462500 W,4.7,320.9,A,DoorSpread,DoorMaster,0.000000,E,S,103581.000000
Thu Jul 21 16:55:17 2022,21-Jul-2022,195521,48 20.133900 N,063 10.463600 W,4.6,320.8,A,Depth,Depth,35.740741,D,S,954979.000000
Thu Jul 21 16:55:17 2022,21-Jul-2022,195522,48 20.134700 N,063 10.464600 W,4.5,320.9,A,Depth,Depth,35.740741,D,S,954979.000000
Thu Jul 21 16:55:20 2022,21-Jul-2022,195523,48 20.135600 N,063 10.465600 W,4.5,321.1,A,DoorSpread,DoorMaster,5.125000,D,P,818.000000
Thu Jul 21 16:55:20 2022,21-Jul-2022,195524,48 20.136400 N,063 10.466600 W,4.4,321.3,A,DoorSpread,DoorMaster,5.245000,D,S,182266.000000
Thu Jul 21 16:55:20 2022,21-Jul-2022,195525,48 20.137300 N,063 10.467500 W,4.3,321.5,A,DoorSpread,DoorMaster,5.245000,D,S,182266.000000
Thu Jul 21 16:55:20 2022,21-Jul-2022,195526,48 20.138000 N,063 10.468400 W,4.1,321.6,A,DoorSpread,DoorMaster,5.245000,D,S,182266.000000
Thu Jul 21 16:55:20 2022,21-Jul-2022,195527,48 20.138800 N,063 10.469300 W,4.0,321.6,A,DoorSpread,DoorMaster,5.245000,D,S,182266.000000
Thu Jul 21 16:55:25 2022,21-Jul-2022,195528,48 20.139500 N,063 10.470100 W,3.9,321.6,A,Primary,Headline,34.571429,D,P,2978.000000
Thu Jul 21 16:55:25 2022,21-Jul-2022,195529,48 20.140300 N,063 10.471000 W,3.8,321.6,A,DoorSpread,DoorMaster,7.190000,D,S,215868.000000
Thu Jul 21 16:55:25 2022,21-Jul-2022,195530,48 20.140900 N,063 10.471700 W,3.7,321.7,A,DoorSpread,DoorMaster,7.190000,D,S,215868.000000
Thu Jul 21 16:55:25 2022,21-Jul-2022,195531,48 20.141600 N,063 10.472500 W,3.6,321.8,A,DoorSpread,DoorMaster,7.190000,D,S,215868.000000
Thu Jul 21 16:55:25 2022,21-Jul-2022,195532,48 20.142100 N,063 10.473200 W,3.4,322.0,A,DoorSpread,DoorMaster,7.190000,D,S,215868.000000
Thu Jul 21 16:55:25 2022,21-Jul-2022,195533,48 20.142700 N,063 10.473900 W,3.3,322.0,A,DoorSpread,DoorMaster,7.190000,D,S,215868.000000
Thu Jul 21 16:55:30 2022,21-Jul-2022,195534,48 20.143100 N,063 10.474600 W,3.2,322.1,A,DoorSpread,DoorMaster,0.000000,E,S,200304.000000
Thu Jul 21 16:55:31 2022,21-Jul-2022,195535,48 20.143700 N,063 10.475300 W,3.1,322.1,A,Depth,Depth,36.481481,D,S,883584.000000
Thu Jul 21 16:55:31 2022,21-Jul-2022,195536,48 20.144200 N,063 10.476000 W,3.0,322.2,A,Depth,Depth,36.481481,D,S,883584.000000
Thu Jul 21 16:55:31 2022,21-Jul-2022,195537,48 20.144800 N,063 10.476800 W,2.9,322.4,A,Depth,Depth,36.481481,D,S,883584.000000
Thu Jul 21 16:55:31 2022,21-Jul-2022,195538,48 20.145300 N,063 10.477500 W,2.8,322.5,A,Depth,Depth,36.481481,D,S,883584.000000
Thu Jul 21 16:55:36 2022,21-Jul-2022,195539,48 20.145900 N,063 10.478200 W,2.8,322.5,A,Primary,Headline,38.959184,D,P,2384.000000
Thu Jul 21 16:55:36 2022,21-Jul-2022,195540,48 20.146400 N,063 10.478700 W,2.7,322.5,A,DoorSpread,DoorMaster,7.005000,D,S,150613.000000
Thu Jul 21 16:55:36 2022,21-Jul-2022,195541,48 20.146800 N,063 10.479200 W,2.6,322.5,A,DoorSpread,DoorMaster,7.005000,D,S,150613.000000
Thu Jul 21 16:55:38 2022,21-Jul-2022,195542,48 20.147300 N,063 10.479700 W,2.5,322.6,A,Depth,Depth,36.759259,D,S,845978.000000
Thu Jul 21 16:55:38 2022,21-Jul-2022,195543,48 20.147800 N,063 10.480200 W,2.4,322.7,A,Depth,Depth,36.759259,D,S,845978.000000
Thu Jul 21 16:55:38 2022,21-Jul-2022,195544,48 20.148200 N,063 10.480700 W,2.4,322.8,A,Depth,Depth,36.759259,D,S,845978.000000
Thu Jul 21 16:55:41 2022,21-Jul-2022,195545,48 20.148700 N,063 10.481200 W,2.4,323.0,A,Primary,Headline,51.816327,D,P,3141.000000
Thu Jul 21 16:55:42 2022,21-Jul-2022,195546,48 20.149100 N,063 10.481600 W,2.3,323.1,A,Primary,Headline,51.755102,D,S,923070.000000
Thu Jul 21 16:55:42 2022,21-Jul-2022,195547,48 20.149600 N,063 10.482200 W,2.3,323.2,A,Primary,Headline,51.755102,D,S,923070.000000
Thu Jul 21 16:55:42 2022,21-Jul-2022,195548,48 20.150000 N,063 10.482700 W,2.2,323.2,A,Primary,Headline,51.755102,D,S,923070.000000
Thu Jul 21 16:55:45 2022,21-Jul-2022,195549,48 20.150500 N,063 10.483200 W,2.2,323.4,A,Depth,Depth,38.333333,D,P,3019.000000
Thu Jul 21 16:55:46 2022,21-Jul-2022,195550,48 20.150900 N,063 10.483800 W,2.2,323.7,A,DoorSpread,DoorMaster,0.000000,E,S,160438.000000
Thu Jul 21 16:55:47 2022,21-Jul-2022,195551,48 20.151400 N,063 10.484300 W,2.2,323.9,A,Primary,Headline,20.918367,D,S,713900.000000
Thu Jul 21 16:55:47 2022,21-Jul-2022,195552,48 20.151900 N,063 10.484800 W,2.2,323.8,A,Primary,Headline,20.918367,D,S,713900.000000
Thu Jul 21 16:55:47 2022,21-Jul-2022,195553,48 20.152400 N,063 10.485400 W,2.2,323.7,A,Primary,Headline,20.918367,D,S,713900.000000
Thu Jul 21 16:55:47 2022,21-Jul-2022,195554,48 20.152800 N,063 10.485800 W,2.2,323.7,A,Primary,Headline,20.918367,D,S,713900.000000
Thu Jul 21 16:55:51 2022,21-Jul-2022,195555,48 20.153200 N,063 10.486300 W,2.2,323.6,A,DoorSpread,DoorMaster,0.000000,E,S,148002.000000
Thu Jul 21 16:55:52 2022,21-Jul-2022,195556,48 20.153700 N,063 10.486800 W,2.2,323.6,A,Primary,Headline,41.836735,D,P,2353.000000
Thu Jul 21 16:55:53 2022,21-Jul-2022,195557,48 20.154200 N,063 10.487300 W,2.2,323.8,A,Primary,Headline,41.836735,D,S,1038857.000000
Thu Jul 21 16:55:53 2022,21-Jul-2022,195558,48 20.154600 N,063 10.487800 W,2.1,324.0,A,Primary,Headline,41.836735,D,S,1038857.000000
Thu Jul 21 16:55:53 2022,21-Jul-2022,195559,48 20.155000 N,063 10.488300 W,2.1,324.3,A,Primary,Headline,41.836735,D,S,1038857.000000
Thu Jul 21 16:55:53 2022,21-Jul-2022,195600,48 20.155400 N,063 10.489000 W,2.2,324.4,A,Primary,Headline,41.836735,D,S,1038857.000000
Thu Jul 21 16:55:57 2022,21-Jul-2022,195601,48 20.155800 N,063 10.489600 W,2.1,324.1,A,DoorSpread,DoorMaster,7.820000,D,P,1626.000000
Thu Jul 21 16:55:58 2022,21-Jul-2022,195602,48 20.156300 N,063 10.490300 W,2.1,323.9,A,Primary,Headline,44.122449,D,S,807705.000000
Thu Jul 21 16:55:59 2022,21-Jul-2022,195603,48 20.156700 N,063 10.490900 W,2.2,323.7,A,Depth,Depth,41.296296,D,S,602384.000000
Thu Jul 21 16:55:59 2022,21-Jul-2022,195604,48 20.157200 N,063 10.491500 W,2.2,323.7,A,Depth,Depth,41.296296,D,S,602384.000000
Thu Jul 21 16:55:59 2022,21-Jul-2022,195605,48 20.157700 N,063 10.492200 W,2.2,323.8,A,Depth,Depth,41.296296,D,S,602384.000000
Thu Jul 21 16:55:59 2022,21-Jul-2022,195606,48 20.158200 N,063 10.492900 W,2.3,323.9,A,Depth,Depth,41.296296,D,S,602384.000000
Thu Jul 21 16:56:03 2022,21-Jul-2022,195607,48 20.158600 N,063 10.493600 W,2.3,324.0,A,Primary,Headline,13.367347,D,S,692784.000000
Thu Jul 21 16:56:03 2022,21-Jul-2022,195608,48 20.159100 N,063 10.494300 W,2.3,324.1,A,Primary,Headline,13.367347,D,S,692784.000000
Thu Jul 21 16:56:03 2022,21-Jul-2022,195609,48 20.159600 N,063 10.495000 W,2.3,324.2,A,Primary,Headline,13.367347,D,S,692784.000000
Thu Jul 21 16:56:03 2022,21-Jul-2022,195610,48 20.160000 N,063 10.495600 W,2.3,324.4,A,Primary,Headline,13.367347,D,S,692784.000000
Thu Jul 21 16:56:07 2022,21-Jul-2022,195611,48 20.160600 N,063 10.496300 W,2.3,324.5,A,Depth,Depth,143.611111,D,S,630913.000000
Thu Jul 21 16:56:07 2022,21-Jul-2022,195612,48 20.161100 N,063 10.496900 W,2.4,324.7,A,Depth,Depth,143.611111,D,S,630913.000000
Thu Jul 21 16:56:09 2022,21-Jul-2022,195613,48 20.161800 N,063 10.497600 W,2.4,324.8,A,Secondary,Headline,15.979592,D,S,44143.000000
Thu Jul 21 16:56:09 2022,21-Jul-2022,195614,48 20.162400 N,063 10.498300 W,2.4,324.9,A,Secondary,Headline,15.979592,D,S,44143.000000
Thu Jul 21 16:56:09 2022,21-Jul-2022,195615,48 20.163000 N,063 10.498900 W,2.4,324.9,A,Secondary,Headline,15.979592,D,S,44143.000000
Thu Jul 21 16:56:09 2022,21-Jul-2022,195616,48 20.163600 N,063 10.499400 W,2.3,325.0,A,Secondary,Headline,15.979592,D,S,44143.000000
Thu Jul 21 16:56:09 2022,21-Jul-2022,195617,48 20.164200 N,063 10.499800 W,2.3,325.2,A,Secondary,Headline,15.979592,D,S,44143.000000
Thu Jul 21 16:56:09 2022,21-Jul-2022,195618,48 20.164700 N,063 10.500200 W,2.3,325.2,A,Secondary,Headline,15.979592,D,S,44143.000000
Thu Jul 21 16:56:15 2022,21-Jul-2022,195619,48 20.165200 N,063 10.500700 W,2.3,325.2,A,DoorSpread,DoorMaster,15.860000,D,P,916.000000
Thu Jul 21 16:56:16 2022,21-Jul-2022,195620,48 20.165700 N,063 10.501300 W,2.3,325.1,A,DoorSpread,DoorMaster,15.815000,D,S,180646.000000
Thu Jul 21 16:56:16 2022,21-Jul-2022,195621,48 20.166200 N,063 10.501800 W,2.3,325.3,A,DoorSpread,DoorMaster,15.815000,D,S,180646.000000
Thu Jul 21 16:56:16 2022,21-Jul-2022,195622,48 20.166800 N,063 10.502300 W,2.3,325.5,A,DoorSpread,DoorMaster,15.815000,D,S,180646.000000
Thu Jul 21 16:56:16 2022,21-Jul-2022,195623,48 20.167300 N,063 10.502900 W,2.3,325.8,A,DoorSpread,DoorMaster,15.815000,D,S,180646.000000
Thu Jul 21 16:56:16 2022,21-Jul-2022,195624,48 20.167900 N,063 10.503300 W,2.2,325.9,A,DoorSpread,DoorMaster,15.815000,D,S,180646.000000
Thu Jul 21 16:56:21 2022,21-Jul-2022,195625,48 20.168500 N,063 10.503800 W,2.2,326.0,A,DoorSpread,DoorMaster,0.000000,E,S,127311.000000
Thu Jul 21 16:56:21 2022,21-Jul-2022,195626,48 20.169100 N,063 10.504300 W,2.2,326.1,A,DoorSpread,DoorMaster,0.000000,E,S,127311.000000
Thu Jul 21 16:56:21 2022,21-Jul-2022,195627,48 20.169700 N,063 10.504800 W,2.2,326.0,A,DoorSpread,DoorMaster,0.000000,E,S,127311.000000
Thu Jul 21 16:56:21 2022,21-Jul-2022,195628,48 20.170200 N,063 10.505400 W,2.2,325.8,A,DoorSpread,DoorMaster,0.000000,E,S,127311.000000
Thu Jul 21 16:56:21 2022,21-Jul-2022,195629,48 20.170800 N,063 10.505900 W,2.2,325.7,A,DoorSpread,DoorMaster,0.000000,E,S,127311.000000
Thu Jul 21 16:56:26 2022,21-Jul-2022,195630,48 20.171400 N,063 10.506500 W,2.2,325.7,A,DoorSpread,DoorMaster,1.030000,D,S,162848.000000
Thu Jul 21 16:56:26 2022,21-Jul-2022,195631,48 20.171900 N,063 10.506900 W,2.2,325.9,A,DoorSpread,DoorMaster,1.030000,D,S,162848.000000
Thu Jul 21 16:56:26 2022,21-Jul-2022,195632,48 20.172400 N,063 10.507400 W,2.2,326.2,A,DoorSpread,DoorMaster,1.030000,D,S,162848.000000
Thu Jul 21 16:56:26 2022,21-Jul-2022,195633,48 20.173000 N,063 10.508000 W,2.3,326.5,A,DoorSpread,DoorMaster,1.030000,D,S,162848.000000
Thu Jul 21 16:56:26 2022,21-Jul-2022,195634,48 20.173600 N,063 10.508600 W,2.3,326.6,A,DoorSpread,DoorMaster,1.030000,D,S,162848.000000
Thu Jul 21 16:56:31 2022,21-Jul-2022,195635,48 20.174300 N,063 10.509100 W,2.3,326.5,A,DoorSpread,DoorMaster,0.000000,E,S,118050.000000
Thu Jul 21 16:56:31 2022,21-Jul-2022,195636,48 20.174900 N,063 10.509600 W,2.4,326.3,A,DoorSpread,DoorMaster,0.000000,E,S,118050.000000
Thu Jul 21 16:56:31 2022,21-Jul-2022,195637,48 20.175600 N,063 10.510100 W,2.4,326.2,A,DoorSpread,DoorMaster,0.000000,E,S,118050.000000
Thu Jul 21 16:56:31 2022,21-Jul-2022,195638,48 20.176300 N,063 10.510700 W,2.4,326.2,A,DoorSpread,DoorMaster,0.000000,E,S,118050.000000
Thu Jul 21 16:56:31 2022,21-Jul-2022,195639,48 20.176900 N,063 10.511300 W,2.4,326.4,A,DoorSpread,DoorMaster,0.000000,E,S,118050.000000
Thu Jul 21 16:56:36 2022,21-Jul-2022,195640,48 20.177500 N,063 10.511800 W,2.4,326.5,A,DoorSpread,DoorMaster,0.000000,E,S,150255.000000
Thu Jul 21 16:56:36 2022,21-Jul-2022,195641,48 20.178100 N,063 10.512400 W,2.5,326.4,A,DoorSpread,DoorMaster,0.000000,E,S,150255.000000
Thu Jul 21 16:56:36 2022,21-Jul-2022,195642,48 20.178600 N,063 10.513100 W,2.4,326.1,A,DoorSpread,DoorMaster,0.000000,E,S,150255.000000
Thu Jul 21 16:56:36 2022,21-Jul-2022,195643,48 20.179200 N,063 10.513800 W,2.4,326.0,A,DoorSpread,DoorMaster,0.000000,E,S,150255.000000
Thu Jul 21 16:56:36 2022,21-Jul-2022,195644,48 20.179700 N,063 10.514300 W,2.4,326.0,A,DoorSpread,DoorMaster,0.000000,E,S,150255.000000
Thu Jul 21 16:56:36 2022,21-Jul-2022,195645,48 20.180300 N,063 10.514800 W,2.4,326.2,A,DoorSpread,DoorMaster,0.000000,E,S,150255.000000
Thu Jul 21 16:56:42 2022,21-Jul-2022,195646,48 20.181000 N,063 10.515300 W,2.3,326.5,A,DoorSpread,DoorMaster,9.620000,D,S,119107.000000
Thu Jul 21 16:56:42 2022,21-Jul-2022,195647,48 20.181500 N,063 10.515800 W,2.3,326.8,A,DoorSpread,DoorMaster,9.620000,D,S,119107.000000
Thu Jul 21 16:56:42 2022,21-Jul-2022,195648,48 20.182100 N,063 10.516300 W,2.2,326.8,A,DoorSpread,DoorMaster,9.620000,D,S,119107.000000
Thu Jul 21 16:56:42 2022,21-Jul-2022,195649,48 20.182600 N,063 10.516800 W,2.2,326.8,A,DoorSpread,DoorMaster,9.620000,D,S,119107.000000
Thu Jul 21 16:56:42 2022,21-Jul-2022,195650,48 20.183100 N,063 10.517300 W,2.1,326.7,A,DoorSpread,DoorMaster,9.620000,D,S,119107.000000
Thu Jul 21 16:56:47 2022,21-Jul-2022,195651,48 20.183500 N,063 10.517700 W,2.1,326.7,A,DoorSpread,DoorMaster,0.000000,E,S,142147.000000
Thu Jul 21 16:56:47 2022,21-Jul-2022,195652,48 20.184000 N,063 10.518000 W,2.0,326.7,A,DoorSpread,DoorMaster,0.000000,E,S,142147.000000
Thu Jul 21 16:56:47 2022,21-Jul-2022,195653,48 20.184400 N,063 10.518400 W,2.0,326.9,A,DoorSpread,DoorMaster,0.000000,E,S,142147.000000
Thu Jul 21 16:56:47 2022,21-Jul-2022,195654,48 20.184800 N,063 10.518800 W,2.0,327.1,A,DoorSpread,DoorMaster,0.000000,E,S,142147.000000
Thu Jul 21 16:56:47 2022,21-Jul-2022,195655,48 20.185200 N,063 10.519300 W,2.0,327.1,A,DoorSpread,DoorMaster,0.000000,E,S,142147.000000
Thu Jul 21 16:56:52 2022,21-Jul-2022,195656,48 20.185600 N,063 10.519700 W,2.0,327.1,A,DoorSpread,DoorMaster,6.845000,D,S,77368.000000
Thu Jul 21 16:56:52 2022,21-Jul-2022,195657,48 20.186000 N,063 10.520100 W,2.0,327.0,A,DoorSpread,DoorMaster,6.845000,D,S,77368.000000
Thu Jul 21 16:56:52 2022,21-Jul-2022,195658,48 20.186400 N,063 10.520400 W,2.1,327.0,A,DoorSpread,DoorMaster,6.845000,D,S,77368.000000
Thu Jul 21 16:56:52 2022,21-Jul-2022,195659,48 20.186800 N,063 10.520900 W,2.1,327.0,A,DoorSpread,DoorMaster,6.845000,D,S,77368.000000
Thu Jul 21 16:56:52 2022,21-Jul-2022,195700,48 20.187200 N,063 10.521300 W,2.1,327.1,A,DoorSpread,DoorMaster,6.845000,D,S,77368.000000
Thu Jul 21 16:56:52 2022,21-Jul-2022,195701,48 20.187700 N,063 10.521700 W,2.1,327.2,A,DoorSpread,DoorMaster,6.845000,D,S,77368.000000
Thu Jul 21 16:56:58 2022,21-Jul-2022,195702,48 20.188200 N,063 10.522200 W,2.2,327.4,A,DoorSpread,DoorMaster,7.680000,D,S,142948.000000
Thu Jul 21 16:56:58 2022,21-Jul-2022,195703,48 20.188800 N,063 10.522800 W,2.2,327.5,A,DoorSpread,DoorMaster,7.680000,D,S,142948.000000
Thu Jul 21 16:56:58 2022,21-Jul-2022,195704,48 20.189300 N,063 10.523300 W,2.3,327.6,A,DoorSpread,DoorMaster,7.680000,D,S,142948.000000
Thu Jul 21 16:56:58 2022,21-Jul-2022,195705,48 20.190000 N,063 10.523900 W,2.3,327.4,A,DoorSpread,DoorMaster,7.680000,D,S,142948.000000
Thu Jul 21 16:56:58 2022,21-Jul-2022,195706,48 20.190600 N,063 10.524400 W,2.3,327.4,A,DoorSpread,DoorMaster,7.680000,D,S,142948.000000
Thu Jul 21 16:57:03 2022,21-Jul-2022,195707,48 20.191200 N,063 10.524900 W,2.3,327.4,A,DoorSpread,DoorMaster,0.000000,E,S,229375.000000
Thu Jul 21 16:57:03 2022,21-Jul-2022,195708,48 20.191600 N,063 10.525300 W,2.3,327.5,A,DoorSpread,DoorMaster,0.000000,E,S,229375.000000
Thu Jul 21 16:57:03 2022,21-Jul-2022,195709,48 20.192100 N,063 10.525700 W,2.3,327.6,A,DoorSpread,DoorMaster,0.000000,E,S,229375.000000
Thu Jul 21 16:57:03 2022,21-Jul-2022,195710,48 20.192600 N,063 10.526100 W,2.2,327.8,A,DoorSpread,DoorMaster,0.000000,E,S,229375.000000
Thu Jul 21 16:57:03 2022,21-Jul-2022,195711,48 20.193000 N,063 10.526500 W,2.2,327.9,A,DoorSpread,DoorMaster,0.000000,E,S,229375.000000
Thu Jul 21 16:57:08 2022,21-Jul-2022,195712,48 20.193400 N,063 10.526800 W,2.1,327.9,A,DoorSpread,DoorMaster,0.000000,E,S,122811.000000
Thu Jul 21 16:57:08 2022,21-Jul-2022,195713,48 20.193700 N,063 10.527300 W,2.1,327.9,A,DoorSpread,DoorMaster,0.000000,E,S,122811.000000
Thu Jul 21 16:57:08 2022,21-Jul-2022,195714,48 20.194100 N,063 10.527900 W,2.1,327.7,A,DoorSpread,DoorMaster,0.000000,E,S,122811.000000
Thu Jul 21 16:57:08 2022,21-Jul-2022,195715,48 20.194400 N,063 10.528300 W,2.1,327.6,A,DoorSpread,DoorMaster,0.000000,E,S,122811.000000
Thu Jul 21 16:57:08 2022,21-Jul-2022,195716,48 20.194900 N,063 10.528700 W,2.1,327.6,A,DoorSpread,DoorMaster,0.000000,E,S,122811.000000
Thu Jul 21 16:57:08 2022,21-Jul-2022,195717,48 20.195400 N,063 10.529000 W,2.2,327.7,A,DoorSpread,DoorMaster,0.000000,E,S,122811.000000
Thu Jul 21 16:57:14 2022,21-Jul-2022,195718,48 20.195900 N,063 10.529300 W,2.1,327.8,A,DoorSpread,DoorMaster,7.505000,D,S,103807.000000
Thu Jul 21 16:57:15 2022,21-Jul-2022,195719,48 20.196400 N,063 10.529500 W,2.2,327.9,A,DoorSpread,DoorSlave,-11.495000,D,S,42053.000000
Thu Jul 21 16:57:15 2022,21-Jul-2022,195720,48 20.197000 N,063 10.529800 W,2.2,328.0,A,DoorSpread,DoorSlave,-11.495000,D,S,42053.000000
Thu Jul 21 16:57:15 2022,21-Jul-2022,195721,48 20.197600 N,063 10.530200 W,2.2,327.8,A,DoorSpread,DoorSlave,-11.495000,D,S,42053.000000
Thu Jul 21 16:57:15 2022,21-Jul-2022,195722,48 20.198000 N,063 10.530600 W,2.2,327.7,A,DoorSpread,DoorSlave,-11.495000,D,S,42053.000000
Thu Jul 21 16:57:19 2022,21-Jul-2022,195723,48 20.198500 N,063 10.531000 W,2.2,327.7,A,DoorSpread,DoorMaster,0.000000,E,S,100440.000000
Thu Jul 21 16:57:19 2022,21-Jul-2022,195724,48 20.199000 N,063 10.531300 W,2.3,327.9,A,DoorSpread,DoorMaster,0.000000,E,S,100440.000000
Thu Jul 21 16:57:19 2022,21-Jul-2022,195725,48 20.199600 N,063 10.531600 W,2.2,327.9,A,DoorSpread,DoorMaster,0.000000,E,S,100440.000000
Thu Jul 21 16:57:19 2022,21-Jul-2022,195726,48 20.200100 N,063 10.531900 W,2.2,327.8,A,DoorSpread,DoorMaster,0.000000,E,S,100440.000000
Thu Jul 21 16:57:19 2022,21-Jul-2022,195727,48 20.200700 N,063 10.532300 W,2.2,327.7,A,DoorSpread,DoorMaster,0.000000,E,S,100440.000000
Thu Jul 21 16:57:24 2022,21-Jul-2022,195728,48 20.201200 N,063 10.532800 W,2.2,327.6,A,DoorSpread,DoorMaster,0.000000,E,S,141827.000000
Thu Jul 21 16:57:24 2022,21-Jul-2022,195729,48 20.201800 N,063 10.533300 W,2.2,327.6,A,DoorSpread,DoorMaster,0.000000,E,S,141827.000000
Thu Jul 21 16:57:24 2022,21-Jul-2022,195730,48 20.202400 N,063 10.533900 W,2.3,327.7,A,DoorSpread,DoorMaster,0.000000,E,S,141827.000000
Thu Jul 21 16:57:24 2022,21-Jul-2022,195731,48 20.203000 N,063 10.534500 W,2.3,327.5,A,DoorSpread,DoorMaster,0.000000,E,S,141827.000000
Thu Jul 21 16:57:24 2022,21-Jul-2022,195732,48 20.203700 N,063 10.535100 W,2.3,327.4,A,DoorSpread,DoorMaster,0.000000,E,S,141827.000000
Thu Jul 21 16:57:29 2022,21-Jul-2022,195733,48 20.204300 N,063 10.535700 W,2.4,327.4,A,DoorSpread,DoorMaster,2.010000,D,S,86442.000000
Thu Jul 21 16:57:29 2022,21-Jul-2022,195734,48 20.204800 N,063 10.536200 W,2.4,327.6,A,DoorSpread,DoorMaster,2.010000,D,S,86442.000000
Thu Jul 21 16:57:29 2022,21-Jul-2022,195735,48 20.205300 N,063 10.536800 W,2.4,327.8,A,DoorSpread,DoorMaster,2.010000,D,S,86442.000000
Thu Jul 21 16:57:29 2022,21-Jul-2022,195736,48 20.205800 N,063 10.537400 W,2.4,327.9,A,DoorSpread,DoorMaster,2.010000,D,S,86442.000000
Thu Jul 21 16:57:29 2022,21-Jul-2022,195737,48 20.206300 N,063 10.537900 W,2.4,327.8,A,DoorSpread,DoorMaster,2.010000,D,S,86442.000000
Thu Jul 21 16:57:34 2022,21-Jul-2022,195738,48 20.206700 N,063 10.538600 W,2.3,327.6,A,DoorSpread,DoorMaster,0.000000,E,S,68502.000000
Thu Jul 21 16:57:34 2022,21-Jul-2022,195739,48 20.207100 N,063 10.539000 W,2.3,327.5,A,DoorSpread,DoorMaster,0.000000,E,S,68502.000000
Thu Jul 21 16:57:34 2022,21-Jul-2022,195740,48 20.207500 N,063 10.539400 W,2.2,327.6,A,DoorSpread,DoorMaster,0.000000,E,S,68502.000000
Thu Jul 21 16:57:34 2022,21-Jul-2022,195741,48 20.208000 N,063 10.539700 W,2.2,327.8,A,DoorSpread,DoorMaster,0.000000,E,S,68502.000000
Thu Jul 21 16:57:34 2022,21-Jul-2022,195742,48 20.208400 N,063 10.540200 W,2.2,328.0,A,DoorSpread,DoorMaster,0.000000,E,S,68502.000000
Thu Jul 21 16:57:34 2022,21-Jul-2022,195743,48 20.208900 N,063 10.540800 W,2.2,328.0,A,DoorSpread,DoorMaster,0.000000,E,S,68502.000000
Thu Jul 21 16:57:40 2022,21-Jul-2022,195744,48 20.209400 N,063 10.541400 W,2.2,327.8,A,DoorSpread,DoorMaster,7.320000,D,S,101992.000000
Thu Jul 21 16:57:40 2022,21-Jul-2022,195745,48 20.210000 N,063 10.541900 W,2.2,327.6,A,DoorSpread,DoorMaster,7.320000,D,S,101992.000000
Thu Jul 21 16:57:40 2022,21-Jul-2022,195746,48 20.210500 N,063 10.542500 W,2.2,327.5,A,DoorSpread,DoorMaster,7.320000,D,S,101992.000000
Thu Jul 21 16:57:40 2022,21-Jul-2022,195747,48 20.211100 N,063 10.543000 W,2.2,327.5,A,DoorSpread,DoorMaster,7.320000,D,S,101992.000000
Thu Jul 21 16:57:40 2022,21-Jul-2022,195748,48 20.211700 N,063 10.543700 W,2.2,327.6,A,DoorSpread,DoorMaster,7.320000,D,S,101992.000000
Thu Jul 21 16:57:45 2022,21-Jul-2022,195749,48 20.212300 N,063 10.544200 W,2.3,327.8,A,DoorSpread,DoorMaster,6.920000,D,P,1304.000000
Thu Jul 21 16:57:46 2022,21-Jul-2022,195750,48 20.212800 N,063 10.544600 W,2.3,327.9,A,DoorSpread,DoorMaster,7.000000,D,S,84169.000000
Thu Jul 21 16:57:46 2022,21-Jul-2022,195751,48 20.213300 N,063 10.545000 W,2.3,328.1,A,DoorSpread,DoorMaster,7.000000,D,S,84169.000000
Thu Jul 21 16:57:46 2022,21-Jul-2022,195752,48 20.213800 N,063 10.545500 W,2.3,328.1,A,DoorSpread,DoorMaster,7.000000,D,S,84169.000000
Thu Jul 21 16:57:46 2022,21-Jul-2022,195753,48 20.214300 N,063 10.546100 W,2.3,328.1,A,DoorSpread,DoorMaster,7.000000,D,S,84169.000000
Thu Jul 21 16:57:46 2022,21-Jul-2022,195754,48 20.214800 N,063 10.546700 W,2.3,328.0,A,DoorSpread,DoorMaster,7.000000,D,S,84169.000000
Thu Jul 21 16:57:51 2022,21-Jul-2022,195755,48 20.215300 N,063 10.547200 W,2.4,327.9,A,DoorSpread,DoorMaster,7.385000,D,S,119117.000000
Thu Jul 21 16:57:51 2022,21-Jul-2022,195756,48 20.216000 N,063 10.547600 W,2.3,328.0,A,DoorSpread,DoorMaster,7.385000,D,S,119117.000000
Thu Jul 21 16:57:51 2022,21-Jul-2022,195757,48 20.216500 N,063 10.548000 W,2.3,328.2,A,DoorSpread,DoorMaster,7.385000,D,S,119117.000000
Thu Jul 21 16:57:51 2022,21-Jul-2022,195758,48 20.217000 N,063 10.548500 W,2.3,328.4,A,DoorSpread,DoorMaster,7.385000,D,S,119117.000000
Thu Jul 21 16:57:51 2022,21-Jul-2022,195759,48 20.217500 N,063 10.548900 W,2.2,328.3,A,DoorSpread,DoorMaster,7.385000,D,S,119117.000000
Thu Jul 21 16:57:51 2022,21-Jul-2022,195800,48 20.217900 N,063 10.549400 W,2.2,328.1,A,DoorSpread,DoorMaster,7.385000,D,S,119117.000000
Thu Jul 21 16:57:57 2022,21-Jul-2022,195801,48 20.218300 N,063 10.549900 W,2.2,328.1,A,DoorSpread,DoorMaster,8.980000,D,S,111977.000000
Thu Jul 21 16:57:57 2022,21-Jul-2022,195802,48 20.218800 N,063 10.550200 W,2.2,328.2,A,DoorSpread,DoorMaster,8.980000,D,S,111977.000000
Thu Jul 21 16:57:57 2022,21-Jul-2022,195803,48 20.219300 N,063 10.550600 W,2.2,328.4,A,DoorSpread,DoorMaster,8.980000,D,S,111977.000000
Thu Jul 21 16:57:57 2022,21-Jul-2022,195804,48 20.219800 N,063 10.551100 W,2.2,328.5,A,DoorSpread,DoorMaster,8.980000,D,S,111977.000000
Thu Jul 21 16:57:57 2022,21-Jul-2022,195805,48 20.220300 N,063 10.551700 W,2.2,328.5,A,DoorSpread,DoorMaster,8.980000,D,S,111977.000000
Thu Jul 21 16:58:02 2022,21-Jul-2022,195806,48 20.220700 N,063 10.552200 W,2.2,328.3,A,DoorSpread,DoorMaster,0.040000,D,S,40049.000000
Thu Jul 21 16:58:02 2022,21-Jul-2022,195807,48 20.221200 N,063 10.552800 W,2.3,328.2,A,DoorSpread,DoorMaster,0.040000,D,S,40049.000000
Thu Jul 21 16:58:02 2022,21-Jul-2022,195808,48 20.221700 N,063 10.553400 W,2.3,328.3,A,DoorSpread,DoorMaster,0.040000,D,S,40049.000000
Thu Jul 21 16:58:02 2022,21-Jul-2022,195809,48 20.222300 N,063 10.554000 W,2.3,328.5,A,DoorSpread,DoorMaster,0.040000,D,S,40049.000000
Thu Jul 21 16:58:02 2022,21-Jul-2022,195810,48 20.222900 N,063 10.554700 W,2.3,328.5,A,DoorSpread,DoorMaster,0.040000,D,S,40049.000000
Thu Jul 21 16:58:07 2022,21-Jul-2022,195811,48 20.223600 N,063 10.555300 W,2.3,328.5,A,DoorSpread,DoorMaster,0.000000,E,P,1518.000000
Thu Jul 21 16:58:07 2022,21-Jul-2022,195812,48 20.224200 N,063 10.555900 W,2.3,328.4,A,DoorSpread,DoorMaster,0.000000,E,P,1518.000000
Thu Jul 21 16:58:07 2022,21-Jul-2022,195813,48 20.224800 N,063 10.556400 W,2.3,328.3,A,DoorSpread,DoorMaster,0.000000,E,P,1518.000000
Thu Jul 21 16:58:07 2022,21-Jul-2022,195814,48 20.225300 N,063 10.556700 W,2.3,328.3,A,DoorSpread,DoorMaster,0.000000,E,P,1518.000000
Thu Jul 21 16:58:07 2022,21-Jul-2022,195815,48 20.225800 N,063 10.557200 W,2.3,328.4,A,DoorSpread,DoorMaster,0.000000,E,P,1518.000000
Thu Jul 21 16:58:12 2022,21-Jul-2022,195816,48 20.226400 N,063 10.557500 W,2.3,328.5,A,DoorSpread,DoorMaster,0.000000,E,S,57618.000000
Thu Jul 21 16:58:12 2022,21-Jul-2022,195817,48 20.226800 N,063 10.558000 W,2.2,328.5,A,DoorSpread,DoorMaster,0.000000,E,S,57618.000000
Thu Jul 21 16:58:12 2022,21-Jul-2022,195818,48 20.227300 N,063 10.558500 W,2.2,328.5,A,DoorSpread,DoorMaster,0.000000,E,S,57618.000000
Thu Jul 21 16:58:12 2022,21-Jul-2022,195819,48 20.227800 N,063 10.559000 W,2.2,328.2,A,DoorSpread,DoorMaster,0.000000,E,S,57618.000000
Thu Jul 21 16:58:12 2022,21-Jul-2022,195820,48 20.228300 N,063 10.559600 W,2.2,328.0,A,DoorSpread,DoorMaster,0.000000,E,S,57618.000000
Thu Jul 21 16:58:12 2022,21-Jul-2022,195821,48 20.228900 N,063 10.560000 W,2.2,328.0,A,DoorSpread,DoorMaster,0.000000,E,S,57618.000000
Thu Jul 21 16:58:12 2022,21-Jul-2022,195822,48 20.229500 N,063 10.560200 W,2.2,328.0,A,DoorSpread,DoorMaster,0.000000,E,S,57618.000000
Thu Jul 21 16:58:12 2022,21-Jul-2022,195823,48 20.230000 N,063 10.560500 W,2.2,328.2,A,DoorSpread,DoorMaster,0.000000,E,S,57618.000000
Thu Jul 21 16:58:12 2022,21-Jul-2022,195824,48 20.230500 N,063 10.560700 W,2.2,328.4,A,DoorSpread,DoorMaster,0.000000,E,S,57618.000000
Thu Jul 21 16:58:12 2022,21-Jul-2022,195825,48 20.231100 N,063 10.561100 W,2.2,328.7,A,DoorSpread,DoorMaster,0.000000,E,S,57618.000000
Thu Jul 21 16:58:22 2022,21-Jul-2022,195826,48 20.231600 N,063 10.561500 W,2.2,328.7,A,DoorSpread,DoorMaster,0.000000,E,P,1117.000000
Thu Jul 21 16:58:22 2022,21-Jul-2022,195827,48 20.232100 N,063 10.561900 W,2.2,328.6,A,DoorSpread,DoorMaster,0.000000,E,P,1117.000000
Thu Jul 21 16:58:22 2022,21-Jul-2022,195828,48 20.232500 N,063 10.562400 W,2.2,328.5,A,DoorSpread,DoorMaster,0.000000,E,P,1117.000000
Thu Jul 21 16:58:22 2022,21-Jul-2022,195829,48 20.233000 N,063 10.562900 W,2.3,328.4,A,DoorSpread,DoorMaster,0.000000,E,P,1117.000000
Thu Jul 21 16:58:22 2022,21-Jul-2022,195830,48 20.233600 N,063 10.563400 W,2.3,328.5,A,DoorSpread,DoorMaster,0.000000,E,P,1117.000000
Thu Jul 21 16:58:22 2022,21-Jul-2022,195831,48 20.234100 N,063 10.563800 W,2.2,328.6,A,DoorSpread,DoorMaster,0.000000,E,P,1117.000000
Thu Jul 21 16:58:28 2022,21-Jul-2022,195832,48 20.234700 N,063 10.564200 W,2.2,328.7,A,DoorSpread,DoorMaster,11.745000,D,S,61292.000000
Thu Jul 21 16:58:28 2022,21-Jul-2022,195833,48 20.235200 N,063 10.564700 W,2.2,328.7,A,DoorSpread,DoorMaster,11.745000,D,S,61292.000000
Thu Jul 21 16:58:28 2022,21-Jul-2022,195834,48 20.235800 N,063 10.565200 W,2.2,328.7,A,DoorSpread,DoorMaster,11.745000,D,S,61292.000000
Thu Jul 21 16:58:28 2022,21-Jul-2022,195835,48 20.236200 N,063 10.565800 W,2.1,328.7,A,DoorSpread,DoorMaster,11.745000,D,S,61292.000000
Thu Jul 21 16:58:28 2022,21-Jul-2022,195836,48 20.236600 N,063 10.566300 W,2.1,328.8,A,DoorSpread,DoorMaster,11.745000,D,S,61292.000000
Thu Jul 21 16:58:33 2022,21-Jul-2022,195837,48 20.237200 N,063 10.566800 W,2.1,329.1,A,DoorSpread,DoorMaster,0.000000,E,S,95772.000000
Thu Jul 21 16:58:33 2022,21-Jul-2022,195838,48 20.237700 N,063 10.567400 W,2.2,329.3,A,DoorSpread,DoorMaster,0.000000,E,S,95772.000000
Thu Jul 21 16:58:33 2022,21-Jul-2022,195839,48 20.238300 N,063 10.568100 W,2.3,329.4,A,DoorSpread,DoorMaster,0.000000,E,S,95772.000000
Thu Jul 21 16:58:33 2022,21-Jul-2022,195840,48 20.238900 N,063 10.568800 W,2.4,329.4,A,DoorSpread,DoorMaster,0.000000,E,S,95772.000000
Thu Jul 21 16:58:33 2022,21-Jul-2022,195841,48 20.239500 N,063 10.569500 W,2.5,329.3,A,DoorSpread,DoorMaster,0.000000,E,S,95772.000000
Thu Jul 21 16:58:38 2022,21-Jul-2022,195842,48 20.240200 N,063 10.570200 W,2.6,329.4,A,DoorSpread,DoorMaster,0.000000,E,S,94406.000000
Thu Jul 21 16:58:38 2022,21-Jul-2022,195843,48 20.241000 N,063 10.570900 W,2.6,329.5,A,DoorSpread,DoorMaster,0.000000,E,S,94406.000000
Thu Jul 21 16:58:38 2022,21-Jul-2022,195844,48 20.241700 N,063 10.571600 W,2.7,329.7,A,DoorSpread,DoorMaster,0.000000,E,S,94406.000000
Thu Jul 21 16:58:38 2022,21-Jul-2022,195845,48 20.242400 N,063 10.572300 W,2.7,329.7,A,DoorSpread,DoorMaster,0.000000,E,S,94406.000000
Thu Jul 21 16:58:38 2022,21-Jul-2022,195846,48 20.243100 N,063 10.572900 W,2.7,329.8,A,DoorSpread,DoorMaster,0.000000,E,S,94406.000000
Thu Jul 21 16:58:43 2022,21-Jul-2022,195847,48 20.243700 N,063 10.573500 W,2.7,329.9,A,DoorSpread,DoorMaster,1.910000,D,S,32812.000000
Thu Jul 21 16:58:43 2022,21-Jul-2022,195848,48 20.244300 N,063 10.574100 W,2.7,329.9,A,DoorSpread,DoorMaster,1.910000,D,S,32812.000000
Thu Jul 21 16:58:43 2022,21-Jul-2022,195849,48 20.244800 N,063 10.574600 W,2.6,329.9,A,DoorSpread,DoorMaster,1.910000,D,S,32812.000000
Thu Jul 21 16:58:43 2022,21-Jul-2022,195850,48 20.245400 N,063 10.574900 W,2.6,330.1,A,DoorSpread,DoorMaster,1.910000,D,S,32812.000000
Thu Jul 21 16:58:43 2022,21-Jul-2022,195851,48 20.245900 N,063 10.575100 W,2.5,330.2,A,DoorSpread,DoorMaster,1.910000,D,S,32812.000000
Thu Jul 21 16:58:43 2022,21-Jul-2022,195852,48 20.246400 N,063 10.575400 W,2.4,330.3,A,DoorSpread,DoorMaster,1.910000,D,S,32812.000000
Thu Jul 21 16:58:49 2022,21-Jul-2022,195853,48 20.246900 N,063 10.575700 W,2.4,330.3,A,DoorSpread,DoorMaster,5.900000,D,S,137054.000000
Thu Jul 21 16:58:49 2022,21-Jul-2022,195854,48 20.247400 N,063 10.575900 W,2.3,330.3,A,DoorSpread,DoorMaster,5.900000,D,S,137054.000000
Thu Jul 21 16:58:49 2022,21-Jul-2022,195855,48 20.247800 N,063 10.576100 W,2.3,330.2,A,DoorSpread,DoorMaster,5.900000,D,S,137054.000000
Thu Jul 21 16:58:49 2022,21-Jul-2022,195856,48 20.248300 N,063 10.576500 W,2.3,329.8,A,DoorSpread,DoorMaster,5.900000,D,S,137054.000000
Thu Jul 21 16:58:49 2022,21-Jul-2022,195857,48 20.248700 N,063 10.576900 W,2.3,329.5,A,DoorSpread,DoorMaster,5.900000,D,S,137054.000000
Thu Jul 21 16:58:54 2022,21-Jul-2022,195858,48 20.249300 N,063 10.577300 W,2.3,329.4,A,DoorSpread,DoorMaster,0.000000,E,P,769.000000
Thu Jul 21 16:58:54 2022,21-Jul-2022,195859,48 20.249800 N,063 10.577700 W,2.4,329.5,A,DoorSpread,DoorMaster,0.000000,E,P,769.000000
Thu Jul 21 16:58:54 2022,21-Jul-2022,195900,48 20.250400 N,063 10.578100 W,2.4,329.7,A,DoorSpread,DoorMaster,0.000000,E,P,769.000000
Thu Jul 21 16:58:54 2022,21-Jul-2022,195901,48 20.251000 N,063 10.578700 W,2.4,329.7,A,DoorSpread,DoorMaster,0.000000,E,P,769.000000
Thu Jul 21 16:58:54 2022,21-Jul-2022,195902,48 20.251400 N,063 10.579300 W,2.5,329.4,A,DoorSpread,DoorMaster,0.000000,E,P,769.000000
Thu Jul 21 16:58:59 2022,21-Jul-2022,195903,48 20.251900 N,063 10.579900 W,2.4,329.1,A,DoorSpread,DoorMaster,0.000000,E,S,62771.000000
Thu Jul 21 16:58:59 2022,21-Jul-2022,195904,48 20.252500 N,063 10.580600 W,2.4,328.9,A,DoorSpread,DoorMaster,0.000000,E,S,62771.000000
Thu Jul 21 16:58:59 2022,21-Jul-2022,195905,48 20.253000 N,063 10.581100 W,2.4,328.8,A,DoorSpread,DoorMaster,0.000000,E,S,62771.000000
Thu Jul 21 16:58:59 2022,21-Jul-2022,195906,48 20.253600 N,063 10.581600 W,2.4,329.0,A,DoorSpread,DoorMaster,0.000000,E,S,62771.000000
Thu Jul 21 16:58:59 2022,21-Jul-2022,195907,48 20.254200 N,063 10.582100 W,2.3,329.1,A,DoorSpread,DoorMaster,0.000000,E,S,62771.000000
Thu Jul 21 16:59:04 2022,21-Jul-2022,195908,48 20.254700 N,063 10.582600 W,2.3,329.2,A,DoorSpread,DoorMaster,1.070000,D,S,166830.000000
Thu Jul 21 16:59:05 2022,21-Jul-2022,195909,48 20.255200 N,063 10.583100 W,2.2,329.0,A,Primary,Headline,17.367347,D,S,19807.000000
Thu Jul 21 16:59:05 2022,21-Jul-2022,195910,48 20.255600 N,063 10.583600 W,2.2,328.8,A,Primary,Headline,17.367347,D,S,19807.000000
Thu Jul 21 16:59:05 2022,21-Jul-2022,195911,48 20.256000 N,063 10.584000 W,2.1,328.7,A,Primary,Headline,17.367347,D,S,19807.000000
Thu Jul 21 16:59:05 2022,21-Jul-2022,195912,48 20.256400 N,063 10.584300 W,2.0,328.6,A,Primary,Headline,17.367347,D,S,19807.000000
Thu Jul 21 16:59:05 2022,21-Jul-2022,195913,48 20.256800 N,063 10.584500 W,1.9,328.5,A,Primary,Headline,17.367347,D,S,19807.000000
Thu Jul 21 16:59:10 2022,21-Jul-2022,195914,48 20.257200 N,063 10.584800 W,1.9,328.4,A,DoorSpread,DoorMaster,7.575000,D,S,151291.000000
Thu Jul 21 16:59:10 2022,21-Jul-2022,195915,48 20.257600 N,063 10.585100 W,1.8,328.3,A,DoorSpread,DoorMaster,7.575000,D,S,151291.000000
Thu Jul 21 16:59:10 2022,21-Jul-2022,195916,48 20.257900 N,063 10.585500 W,1.7,328.3,A,DoorSpread,DoorMaster,7.575000,D,S,151291.000000
Thu Jul 21 16:59:10 2022,21-Jul-2022,195917,48 20.258200 N,063 10.585900 W,1.7,328.1,A,DoorSpread,DoorMaster,7.575000,D,S,151291.000000
Thu Jul 21 16:59:10 2022,21-Jul-2022,195918,48 20.258500 N,063 10.586300 W,1.7,327.9,A,DoorSpread,DoorMaster,7.575000,D,S,151291.000000
Thu Jul 21 16:59:15 2022,21-Jul-2022,195919,48 20.258900 N,063 10.586700 W,1.7,327.8,A,DoorSpread,DoorMaster,4.985000,D,P,1633.000000
Thu Jul 21 16:59:16 2022,21-Jul-2022,195920,48 20.259300 N,063 10.587100 W,1.7,327.8,A,DoorSpread,DoorMaster,5.110000,D,S,133998.000000
Thu Jul 21 16:59:16 2022,21-Jul-2022,195921,48 20.259700 N,063 10.587400 W,1.6,327.9,A,DoorSpread,DoorMaster,5.110000,D,S,133998.000000
Thu Jul 21 16:59:16 2022,21-Jul-2022,195922,48 20.260000 N,063 10.587600 W,1.6,328.1,A,DoorSpread,DoorMaster,5.110000,D,S,133998.000000
Thu Jul 21 16:59:16 2022,21-Jul-2022,195923,48 20.260300 N,063 10.587800 W,1.6,328.4,A,DoorSpread,DoorMaster,5.110000,D,S,133998.000000
Thu Jul 21 16:59:21 2022,21-Jul-2022,195924,48 20.260700 N,063 10.588200 W,1.6,328.8,A,DoorSpread,DoorMaster,0.000000,E,S,87054.000000
Thu Jul 21 16:59:21 2022,21-Jul-2022,195925,48 20.261100 N,063 10.588500 W,1.6,329.1,A,DoorSpread,DoorMaster,0.000000,E,S,87054.000000
Thu Jul 21 16:59:21 2022,21-Jul-2022,195926,48 20.261600 N,063 10.588800 W,1.7,329.5,A,DoorSpread,DoorMaster,0.000000,E,S,87054.000000
Thu Jul 21 16:59:21 2022,21-Jul-2022,195927,48 20.262000 N,063 10.589300 W,1.7,329.7,A,DoorSpread,DoorMaster,0.000000,E,S,87054.000000
Thu Jul 21 16:59:21 2022,21-Jul-2022,195928,48 20.262600 N,063 10.589900 W,1.8,330.3,A,DoorSpread,DoorMaster,0.000000,E,S,87054.000000
Thu Jul 21 16:59:21 2022,21-Jul-2022,195929,48 20.263300 N,063 10.590400 W,2.0,330.9,A,DoorSpread,DoorMaster,0.000000,E,S,87054.000000
Thu Jul 21 16:59:26 2022,21-Jul-2022,195930,48 20.264000 N,063 10.591000 W,2.2,331.7,A,DoorSpread,DoorMaster,4.760000,D,S,121636.000000
Thu Jul 21 16:59:26 2022,21-Jul-2022,195931,48 20.264800 N,063 10.591600 W,2.3,332.3,A,DoorSpread,DoorMaster,4.760000,D,S,121636.000000
Thu Jul 21 16:59:26 2022,21-Jul-2022,195932,48 20.265500 N,063 10.592200 W,2.4,332.7,A,DoorSpread,DoorMaster,4.760000,D,S,121636.000000
Thu Jul 21 16:59:26 2022,21-Jul-2022,195933,48 20.266200 N,063 10.592900 W,2.5,332.9,A,DoorSpread,DoorMaster,4.760000,D,S,121636.000000
Thu Jul 21 16:59:26 2022,21-Jul-2022,195934,48 20.266900 N,063 10.593500 W,2.5,332.9,A,DoorSpread,DoorMaster,4.760000,D,S,121636.000000
Thu Jul 21 16:59:31 2022,21-Jul-2022,195935,48 20.267600 N,063 10.594100 W,2.5,333.0,A,DoorSpread,DoorMaster,5.195000,D,P,1052.000000
Thu Jul 21 16:59:32 2022,21-Jul-2022,195936,48 20.268200 N,063 10.594600 W,2.6,333.0,A,DoorSpread,DoorMaster,5.210000,D,S,89027.000000
Thu Jul 21 16:59:32 2022,21-Jul-2022,195937,48 20.268800 N,063 10.595000 W,2.6,333.0,A,DoorSpread,DoorMaster,5.210000,D,S,89027.000000
Thu Jul 21 16:59:32 2022,21-Jul-2022,195938,48 20.269400 N,063 10.595500 W,2.6,333.1,A,DoorSpread,DoorMaster,5.210000,D,S,89027.000000
Thu Jul 21 16:59:32 2022,21-Jul-2022,195939,48 20.269900 N,063 10.595900 W,2.6,333.0,A,DoorSpread,DoorMaster,5.210000,D,S,89027.000000
Thu Jul 21 16:59:32 2022,21-Jul-2022,195940,48 20.270500 N,063 10.596300 W,2.7,332.9,A,DoorSpread,DoorMaster,5.210000,D,S,89027.000000
Thu Jul 21 16:59:37 2022,21-Jul-2022,195941,48 20.271100 N,063 10.596800 W,2.7,332.7,A,DoorSpread,DoorMaster,5.520000,D,S,104497.000000
Thu Jul 21 16:59:37 2022,21-Jul-2022,195942,48 20.271600 N,063 10.597200 W,2.6,332.5,A,DoorSpread,DoorMaster,5.520000,D,S,104497.000000
Thu Jul 21 16:59:37 2022,21-Jul-2022,195943,48 20.272100 N,063 10.597600 W,2.6,332.3,A,DoorSpread,DoorMaster,5.520000,D,S,104497.000000
Thu Jul 21 16:59:37 2022,21-Jul-2022,195944,48 20.272700 N,063 10.597900 W,2.6,332.2,A,DoorSpread,DoorMaster,5.520000,D,S,104497.000000
Thu Jul 21 16:59:37 2022,21-Jul-2022,195945,48 20.273300 N,063 10.598300 W,2.5,331.9,A,DoorSpread,DoorMaster,5.520000,D,S,104497.000000
Thu Jul 21 16:59:37 2022,21-Jul-2022,195946,48 20.273800 N,063 10.598800 W,2.5,331.4,A,DoorSpread,DoorMaster,5.520000,D,S,104497.000000
Thu Jul 21 16:59:43 2022,21-Jul-2022,195947,48 20.274400 N,063 10.599300 W,2.5,330.9,A,DoorSpread,DoorMaster,9.360000,D,S,103175.000000
Thu Jul 21 16:59:43 2022,21-Jul-2022,195948,48 20.275000 N,063 10.599700 W,2.4,330.5,A,DoorSpread,DoorMaster,9.360000,D,S,103175.000000
Thu Jul 21 16:59:43 2022,21-Jul-2022,195949,48 20.275600 N,063 10.600000 W,2.4,330.1,A,DoorSpread,DoorMaster,9.360000,D,S,103175.000000
Thu Jul 21 16:59:43 2022,21-Jul-2022,195950,48 20.276300 N,063 10.600400 W,2.4,329.9,A,DoorSpread,DoorMaster,9.360000,D,S,103175.000000
Thu Jul 21 16:59:43 2022,21-Jul-2022,195951,48 20.277000 N,063 10.600900 W,2.4,329.9,A,DoorSpread,DoorMaster,9.360000,D,S,103175.000000
Thu Jul 21 16:59:48 2022,21-Jul-2022,195952,48 20.277600 N,063 10.601300 W,2.4,329.6,A,DoorSpread,DoorMaster,5.805000,D,S,80447.000000
Thu Jul 21 16:59:48 2022,21-Jul-2022,195953,48 20.278200 N,063 10.601800 W,2.4,329.2,A,DoorSpread,DoorMaster,5.805000,D,S,80447.000000
Thu Jul 21 16:59:48 2022,21-Jul-2022,195954,48 20.278800 N,063 10.602300 W,2.4,328.8,A,DoorSpread,DoorMaster,5.805000,D,S,80447.000000
Thu Jul 21 16:59:48 2022,21-Jul-2022,195955,48 20.279400 N,063 10.602700 W,2.3,328.4,A,DoorSpread,DoorMaster,5.805000,D,S,80447.000000
Thu Jul 21 16:59:48 2022,21-Jul-2022,195956,48 20.280000 N,063 10.603000 W,2.4,328.2,A,DoorSpread,DoorMaster,5.805000,D,S,80447.000000
Thu Jul 21 16:59:53 2022,21-Jul-2022,195957,48 20.280700 N,063 10.603300 W,2.4,328.2,A,DoorSpread,DoorMaster,0.000000,E,S,117657.000000
Thu Jul 21 16:59:53 2022,21-Jul-2022,195958,48 20.281300 N,063 10.603600 W,2.3,328.4,A,DoorSpread,DoorMaster,0.000000,E,S,117657.000000
Thu Jul 21 16:59:53 2022,21-Jul-2022,195959,48 20.281800 N,063 10.604000 W,2.3,328.4,A,DoorSpread,DoorMaster,0.000000,E,S,117657.000000
Thu Jul 21 16:59:53 2022,21-Jul-2022,200000,48 20.282300 N,063 10.604500 W,2.4,328.2,A,DoorSpread,DoorMaster,0.000000,E,S,117657.000000
Thu Jul 21 16:59:53 2022,21-Jul-2022,200001,48 20.282900 N,063 10.605000 W,2.3,328.1,A,DoorSpread,DoorMaster,0.000000,E,S,117657.000000
Thu Jul 21 16:59:53 2022,21-Jul-2022,200002,48 20.283300 N,063 10.605500 W,2.3,327.8,A,DoorSpread,DoorMaster,0.000000,E,S,117657.000000
Thu Jul 21 16:59:59 2022,21-Jul-2022,200003,48 20.283700 N,063 10.606000 W,2.3,327.4,A,DoorSpread,DoorMaster,6.240000,D,S,131740.000000
Thu Jul 21 16:59:59 2022,21-Jul-2022,200004,48 20.284100 N,063 10.606400 W,2.2,327.2,A,DoorSpread,DoorMaster,6.240000,D,S,131740.000000
Thu Jul 21 16:59:59 2022,21-Jul-2022,200005,48 20.284500 N,063 10.606700 W,2.1,327.1,A,DoorSpread,DoorMaster,6.240000,D,S,131740.000000
Thu Jul 21 16:59:59 2022,21-Jul-2022,200006,48 20.285000 N,063 10.607100 W,2.1,327.2,A,DoorSpread,DoorMaster,6.240000,D,S,131740.000000
Thu Jul 21 16:59:59 2022,21-Jul-2022,200007,48 20.285400 N,063 10.607300 W,2.0,327.4,A,DoorSpread,DoorMaster,6.240000,D,S,131740.000000
Thu Jul 21 17:00:04 2022,21-Jul-2022,200008,48 20.286000 N,063 10.607800 W,2.1,327.3,A,DoorSpread,DoorMaster,3.600000,D,S,104446.000000
Thu Jul 21 17:00:04 2022,21-Jul-2022,200009,48 20.286500 N,063 10.608400 W,2.1,327.0,A,DoorSpread,DoorMaster,3.600000,D,S,104446.000000
Thu Jul 21 17:00:04 2022,21-Jul-2022,200010,48 20.287100 N,063 10.608800 W,2.2,326.7,A,DoorSpread,DoorMaster,3.600000,D,S,104446.000000
Thu Jul 21 17:00:04 2022,21-Jul-2022,200011,48 20.287600 N,063 10.609100 W,2.2,326.5,A,DoorSpread,DoorMaster,3.600000,D,S,104446.000000
Thu Jul 21 17:00:04 2022,21-Jul-2022,200012,48 20.288100 N,063 10.609400 W,2.2,326.4,A,DoorSpread,DoorMaster,3.600000,D,S,104446.000000
Thu Jul 21 17:00:04 2022,21-Jul-2022,200013,48 20.288700 N,063 10.609800 W,2.3,326.6,A,DoorSpread,DoorMaster,3.600000,D,S,104446.000000
Thu Jul 21 17:00:10 2022,21-Jul-2022,200014,48 20.289300 N,063 10.610300 W,2.4,326.9,A,DoorSpread,DoorMaster,7.090000,D,S,91943.000000
Thu Jul 21 17:00:10 2022,21-Jul-2022,200015,48 20.289800 N,063 10.610900 W,2.4,327.2,A,DoorSpread,DoorMaster,7.090000,D,S,91943.000000
Thu Jul 21 17:00:10 2022,21-Jul-2022,200016,48 20.290400 N,063 10.611600 W,2.4,327.4,A,DoorSpread,DoorMaster,7.090000,D,S,91943.000000
Thu Jul 21 17:00:10 2022,21-Jul-2022,200017,48 20.290900 N,063 10.612300 W,2.4,327.6,A,DoorSpread,DoorMaster,7.090000,D,S,91943.000000
Thu Jul 21 17:00:10 2022,21-Jul-2022,200018,48 20.291500 N,063 10.613000 W,2.4,327.6,A,DoorSpread,DoorMaster,7.090000,D,S,91943.000000
Thu Jul 21 17:00:10 2022,21-Jul-2022,200019,48 20.292000 N,063 10.613600 W,2.4,327.6,A,DoorSpread,DoorMaster,7.090000,D,S,91943.000000
Thu Jul 21 17:00:16 2022,21-Jul-2022,200020,48 20.292600 N,063 10.614200 W,2.4,327.8,A,DoorSpread,DoorMaster,8.165000,D,S,63356.000000
Thu Jul 21 17:00:16 2022,21-Jul-2022,200021,48 20.293100 N,063 10.614800 W,2.3,327.9,A,DoorSpread,DoorMaster,8.165000,D,S,63356.000000
Thu Jul 21 17:00:16 2022,21-Jul-2022,200022,48 20.293500 N,063 10.615400 W,2.3,327.9,A,DoorSpread,DoorMaster,8.165000,D,S,63356.000000
Thu Jul 21 17:00:16 2022,21-Jul-2022,200023,48 20.294000 N,063 10.615900 W,2.2,327.9,A,DoorSpread,DoorMaster,8.165000,D,S,63356.000000
Thu Jul 21 17:00:16 2022,21-Jul-2022,200024,48 20.294400 N,063 10.616300 W,2.2,327.9,A,DoorSpread,DoorMaster,8.165000,D,S,63356.000000
Thu Jul 21 17:00:21 2022,21-Jul-2022,200025,48 20.294800 N,063 10.616800 W,2.1,327.9,A,DoorSpread,DoorMaster,7.070000,D,S,94063.000000
Thu Jul 21 17:00:21 2022,21-Jul-2022,200026,48 20.295300 N,063 10.617300 W,2.1,328.1,A,DoorSpread,DoorMaster,7.070000,D,S,94063.000000
Thu Jul 21 17:00:21 2022,21-Jul-2022,200027,48 20.295900 N,063 10.617800 W,2.1,328.0,A,DoorSpread,DoorMaster,7.070000,D,S,94063.000000
Thu Jul 21 17:00:21 2022,21-Jul-2022,200028,48 20.296300 N,063 10.618400 W,2.1,327.9,A,DoorSpread,DoorMaster,7.070000,D,S,94063.000000
Thu Jul 21 17:00:21 2022,21-Jul-2022,200029,48 20.296800 N,063 10.618900 W,2.2,327.9,A,DoorSpread,DoorMaster,7.070000,D,S,94063.000000
Thu Jul 21 17:00:21 2022,21-Jul-2022,200030,48 20.297300 N,063 10.619300 W,2.2,328.1,A,DoorSpread,DoorMaster,7.070000,D,S,94063.000000
Thu Jul 21 17:00:27 2022,21-Jul-2022,200031,48 20.298000 N,063 10.619900 W,2.2,328.3,A,DoorSpread,DoorMaster,6.915000,D,S,268724.000000
Thu Jul 21 17:00:27 2022,21-Jul-2022,200032,48 20.298600 N,063 10.620400 W,2.3,328.6,A,DoorSpread,DoorMaster,6.915000,D,S,268724.000000
Thu Jul 21 17:00:27 2022,21-Jul-2022,200033,48 20.299300 N,063 10.620900 W,2.4,328.8,A,DoorSpread,DoorMaster,6.915000,D,S,268724.000000
Thu Jul 21 17:00:27 2022,21-Jul-2022,200034,48 20.299900 N,063 10.621400 W,2.4,328.8,A,DoorSpread,DoorMaster,6.915000,D,S,268724.000000
Thu Jul 21 17:00:27 2022,21-Jul-2022,200035,48 20.300500 N,063 10.622100 W,2.3,328.6,A,DoorSpread,DoorMaster,6.915000,D,S,268724.000000
Thu Jul 21 17:00:27 2022,21-Jul-2022,200036,48 20.301000 N,063 10.622500 W,2.3,328.5,A,DoorSpread,DoorMaster,6.915000,D,S,268724.000000
Thu Jul 21 17:00:33 2022,21-Jul-2022,200037,48 20.301400 N,063 10.622900 W,2.4,328.6,A,DoorSpread,DoorMaster,7.945000,D,S,350811.000000
Thu Jul 21 17:00:33 2022,21-Jul-2022,200038,48 20.302000 N,063 10.623200 W,2.4,328.6,A,DoorSpread,DoorMaster,7.945000,D,S,350811.000000
Thu Jul 21 17:00:33 2022,21-Jul-2022,200039,48 20.302500 N,063 10.623700 W,2.4,328.6,A,DoorSpread,DoorMaster,7.945000,D,S,350811.000000
Thu Jul 21 17:00:33 2022,21-Jul-2022,200040,48 20.303000 N,063 10.624200 W,2.4,328.6,A,DoorSpread,DoorMaster,7.945000,D,S,350811.000000
Thu Jul 21 17:00:33 2022,21-Jul-2022,200041,48 20.303500 N,063 10.624600 W,2.4,328.6,A,DoorSpread,DoorMaster,7.945000,D,S,350811.000000
Thu Jul 21 17:00:39 2022,21-Jul-2022,200042,48 20.304000 N,063 10.625100 W,2.3,328.7,A,DoorSpread,DoorMaster,9.170000,D,S,112774.000000
Thu Jul 21 17:00:39 2022,21-Jul-2022,200043,48 20.304500 N,063 10.625400 W,2.3,328.7,A,DoorSpread,DoorMaster,9.170000,D,S,112774.000000
Thu Jul 21 17:00:39 2022,21-Jul-2022,200044,48 20.304900 N,063 10.625800 W,2.3,328.6,A,DoorSpread,DoorMaster,9.170000,D,S,112774.000000
Thu Jul 21 17:00:39 2022,21-Jul-2022,200045,48 20.305400 N,063 10.626300 W,2.3,328.6,A,DoorSpread,DoorMaster,9.170000,D,S,112774.000000
Thu Jul 21 17:00:39 2022,21-Jul-2022,200046,48 20.305900 N,063 10.626800 W,2.4,328.6,A,DoorSpread,DoorMaster,9.170000,D,S,112774.000000
Thu Jul 21 17:00:39 2022,21-Jul-2022,200047,48 20.306300 N,063 10.627300 W,2.4,328.5,A,DoorSpread,DoorMaster,9.170000,D,S,112774.000000
Thu Jul 21 17:00:44 2022,21-Jul-2022,200048,48 20.306800 N,063 10.627900 W,2.4,328.5,A,DoorSpread,DoorMaster,7.620000,D,S,67075.000000
Thu Jul 21 17:00:45 2022,21-Jul-2022,200049,48 20.307300 N,063 10.628500 W,2.4,328.6,A,FishCount,Headline,8.340136,D,S,48929.000000
Thu Jul 21 17:00:45 2022,21-Jul-2022,200050,48 20.307900 N,063 10.629000 W,2.4,328.6,A,FishCount,Headline,8.340136,D,S,48929.000000
Thu Jul 21 17:00:45 2022,21-Jul-2022,200051,48 20.308500 N,063 10.629500 W,2.4,328.6,A,FishCount,Headline,8.340136,D,S,48929.000000
Thu Jul 21 17:00:45 2022,21-Jul-2022,200052,48 20.309100 N,063 10.630000 W,2.4,328.6,A,FishCount,Headline,8.340136,D,S,48929.000000
Thu Jul 21 17:00:45 2022,21-Jul-2022,200053,48 20.309700 N,063 10.630400 W,2.4,328.6,A,FishCount,Headline,8.340136,D,S,48929.000000
Thu Jul 21 17:00:50 2022,21-Jul-2022,200054,48 20.310300 N,063 10.630900 W,2.3,328.5,A,Primary,Headline,43.183673,D,S,33787.000000
Thu Jul 21 17:00:50 2022,21-Jul-2022,200055,48 20.310900 N,063 10.631400 W,2.3,328.5,A,Primary,Headline,43.183673,D,S,33787.000000
Thu Jul 21 17:00:50 2022,21-Jul-2022,200056,48 20.311400 N,063 10.631900 W,2.3,328.5,A,Primary,Headline,43.183673,D,S,33787.000000
Thu Jul 21 17:00:50 2022,21-Jul-2022,200057,48 20.311800 N,063 10.632300 W,2.2,328.4,A,Primary,Headline,43.183673,D,S,33787.000000
Thu Jul 21 17:00:50 2022,21-Jul-2022,200058,48 20.312200 N,063 10.632900 W,2.2,328.3,A,Primary,Headline,43.183673,D,S,33787.000000
Thu Jul 21 17:00:56 2022,21-Jul-2022,200059,48 20.312800 N,063 10.633400 W,2.2,328.0,A,DoorSpread,DoorMaster,7.635000,D,S,195642.000000
Thu Jul 21 17:00:56 2022,21-Jul-2022,200100,48 20.313300 N,063 10.634000 W,2.2,327.9,A,DoorSpread,DoorMaster,7.635000,D,S,195642.000000
Thu Jul 21 17:00:56 2022,21-Jul-2022,200101,48 20.313900 N,063 10.634400 W,2.2,328.1,A,DoorSpread,DoorMaster,7.635000,D,S,195642.000000
Thu Jul 21 17:00:56 2022,21-Jul-2022,200102,48 20.314500 N,063 10.634800 W,2.2,328.2,A,DoorSpread,DoorMaster,7.635000,D,S,195642.000000
Thu Jul 21 17:00:56 2022,21-Jul-2022,200103,48 20.315000 N,063 10.635400 W,2.2,328.2,A,DoorSpread,DoorMaster,7.635000,D,S,195642.000000
Thu Jul 21 17:00:56 2022,21-Jul-2022,200104,48 20.315600 N,063 10.636000 W,2.2,328.1,A,DoorSpread,DoorMaster,7.635000,D,S,195642.000000
Thu Jul 21 17:01:01 2022,21-Jul-2022,200105,48 20.316300 N,063 10.636600 W,2.3,328.0,A,DoorSpread,DoorMaster,8.365000,D,S,89736.000000
Thu Jul 21 17:01:01 2022,21-Jul-2022,200106,48 20.316900 N,063 10.637100 W,2.2,327.9,A,DoorSpread,DoorMaster,8.365000,D,S,89736.000000
Thu Jul 21 17:01:01 2022,21-Jul-2022,200107,48 20.317500 N,063 10.637600 W,2.2,328.0,A,DoorSpread,DoorMaster,8.365000,D,S,89736.000000
Thu Jul 21 17:01:01 2022,21-Jul-2022,200108,48 20.318100 N,063 10.637900 W,2.3,328.0,A,DoorSpread,DoorMaster,8.365000,D,S,89736.000000
Thu Jul 21 17:01:01 2022,21-Jul-2022,200109,48 20.318600 N,063 10.638400 W,2.3,327.9,A,DoorSpread,DoorMaster,8.365000,D,S,89736.000000
Thu Jul 21 17:01:06 2022,21-Jul-2022,200110,48 20.319100 N,063 10.638800 W,2.3,327.9,A,DoorSpread,DoorMaster,0.325000,D,S,24624.000000
Thu Jul 21 17:01:06 2022,21-Jul-2022,200111,48 20.319700 N,063 10.639300 W,2.3,328.0,A,DoorSpread,DoorMaster,0.325000,D,S,24624.000000
Thu Jul 21 17:01:06 2022,21-Jul-2022,200112,48 20.320200 N,063 10.639800 W,2.3,328.1,A,DoorSpread,DoorMaster,0.325000,D,S,24624.000000
Thu Jul 21 17:01:06 2022,21-Jul-2022,200113,48 20.320800 N,063 10.640300 W,2.3,328.1,A,DoorSpread,DoorMaster,0.325000,D,S,24624.000000
Thu Jul 21 17:01:06 2022,21-Jul-2022,200114,48 20.321300 N,063 10.640800 W,2.2,328.0,A,DoorSpread,DoorMaster,0.325000,D,S,24624.000000
Thu Jul 21 17:01:11 2022,21-Jul-2022,200115,48 20.321800 N,063 10.641200 W,2.2,327.9,A,DoorSpread,DoorMaster,0.000000,E,S,35478.000000
Thu Jul 21 17:01:11 2022,21-Jul-2022,200116,48 20.322200 N,063 10.641600 W,2.1,327.9,A,DoorSpread,DoorMaster,0.000000,E,S,35478.000000
Thu Jul 21 17:01:11 2022,21-Jul-2022,200117,48 20.322600 N,063 10.642000 W,2.0,327.8,A,DoorSpread,DoorMaster,0.000000,E,S,35478.000000
Thu Jul 21 17:01:11 2022,21-Jul-2022,200118,48 20.323000 N,063 10.642300 W,2.0,327.9,A,DoorSpread,DoorMaster,0.000000,E,S,35478.000000
Thu Jul 21 17:01:11 2022,21-Jul-2022,200119,48 20.323500 N,063 10.642700 W,2.0,328.0,A,DoorSpread,DoorMaster,0.000000,E,S,35478.000000
Thu Jul 21 17:01:16 2022,21-Jul-2022,200120,48 20.323900 N,063 10.643100 W,2.0,327.9,A,FishCount,Headline,1.370748,D,S,76202.000000
Thu Jul 21 17:01:17 2022,21-Jul-2022,200121,48 20.324300 N,063 10.643700 W,2.0,327.5,A,DoorSpread,DoorMaster,6.520000,D,S,72223.000000
Thu Jul 21 17:01:17 2022,21-Jul-2022,200122,48 20.324800 N,063 10.644200 W,2.0,327.1,A,DoorSpread,DoorMaster,6.520000,D,S,72223.000000
Thu Jul 21 17:01:17 2022,21-Jul-2022,200123,48 20.325200 N,063 10.644600 W,2.1,327.1,A,DoorSpread,DoorMaster,6.520000,D,S,72223.000000
Thu Jul 21 17:01:17 2022,21-Jul-2022,200124,48 20.325800 N,063 10.645000 W,2.1,327.3,A,DoorSpread,DoorMaster,6.520000,D,S,72223.000000
Thu Jul 21 17:01:17 2022,21-Jul-2022,200125,48 20.326400 N,063 10.645400 W,2.1,327.5,A,DoorSpread,DoorMaster,6.520000,D,S,72223.000000
Thu Jul 21 17:01:17 2022,21-Jul-2022,200126,48 20.327100 N,063 10.645800 W,2.2,328.0,A,DoorSpread,DoorMaster,6.520000,D,S,72223.000000
Thu Jul 21 17:01:23 2022,21-Jul-2022,200127,48 20.327800 N,063 10.646300 W,2.3,328.3,A,DoorSpread,DoorMaster,9.060000,D,S,134156.000000
Thu Jul 21 17:01:23 2022,21-Jul-2022,200128,48 20.328400 N,063 10.646800 W,2.4,328.3,A,DoorSpread,DoorMaster,9.060000,D,S,134156.000000
Thu Jul 21 17:01:23 2022,21-Jul-2022,200129,48 20.329000 N,063 10.647400 W,2.4,328.3,A,DoorSpread,DoorMaster,9.060000,D,S,134156.000000
Thu Jul 21 17:01:23 2022,21-Jul-2022,200130,48 20.329600 N,063 10.647900 W,2.5,328.5,A,DoorSpread,DoorMaster,9.060000,D,S,134156.000000
Thu Jul 21 17:01:23 2022,21-Jul-2022,200131,48 20.330200 N,063 10.648500 W,2.5,328.7,A,DoorSpread,DoorMaster,9.060000,D,S,134156.000000
Thu Jul 21 17:01:28 2022,21-Jul-2022,200132,48 20.330800 N,063 10.649100 W,2.5,328.9,A,DoorSpread,DoorMaster,7.350000,D,P,1408.000000
Thu Jul 21 17:01:29 2022,21-Jul-2022,200133,48 20.331400 N,063 10.649800 W,2.5,329.0,A,DoorSpread,DoorMaster,7.405000,D,S,174696.000000
Thu Jul 21 17:01:29 2022,21-Jul-2022,200134,48 20.331900 N,063 10.650400 W,2.5,328.9,A,DoorSpread,DoorMaster,7.405000,D,S,174696.000000
Thu Jul 21 17:01:29 2022,21-Jul-2022,200135,48 20.332400 N,063 10.651000 W,2.5,328.7,A,DoorSpread,DoorMaster,7.405000,D,S,174696.000000
Thu Jul 21 17:01:29 2022,21-Jul-2022,200136,48 20.332900 N,063 10.651600 W,2.4,328.5,A,DoorSpread,DoorMaster,7.405000,D,S,174696.000000
Thu Jul 21 17:01:29 2022,21-Jul-2022,200137,48 20.333500 N,063 10.652000 W,2.4,328.4,A,DoorSpread,DoorMaster,7.405000,D,S,174696.000000
Thu Jul 21 17:01:34 2022,21-Jul-2022,200138,48 20.334000 N,063 10.652500 W,2.3,328.3,A,DoorSpread,DoorMaster,6.970000,D,S,151662.000000
Thu Jul 21 17:01:34 2022,21-Jul-2022,200139,48 20.334500 N,063 10.653000 W,2.2,328.2,A,DoorSpread,DoorMaster,6.970000,D,S,151662.000000
Thu Jul 21 17:01:34 2022,21-Jul-2022,200140,48 20.335000 N,063 10.653500 W,2.2,328.0,A,DoorSpread,DoorMaster,6.970000,D,S,151662.000000
Thu Jul 21 17:01:34 2022,21-Jul-2022,200141,48 20.335400 N,063 10.654000 W,2.1,327.8,A,DoorSpread,DoorMaster,6.970000,D,S,151662.000000
Thu Jul 21 17:01:34 2022,21-Jul-2022,200142,48 20.335800 N,063 10.654400 W,2.0,327.6,A,DoorSpread,DoorMaster,6.970000,D,S,151662.000000
Thu Jul 21 17:01:34 2022,21-Jul-2022,200143,48 20.336200 N,063 10.654800 W,1.9,327.5,A,DoorSpread,DoorMaster,6.970000,D,S,151662.000000
Thu Jul 21 17:01:40 2022,21-Jul-2022,200144,48 20.336700 N,063 10.655100 W,1.9,327.5,A,DoorSpread,DoorMaster,6.915000,D,S,632099.000000
Thu Jul 21 17:01:40 2022,21-Jul-2022,200145,48 20.337200 N,063 10.655700 W,2.0,327.1,A,DoorSpread,DoorMaster,6.915000,D,S,632099.000000
Thu Jul 21 17:01:40 2022,21-Jul-2022,200146,48 20.337800 N,063 10.656200 W,2.0,326.6,A,DoorSpread,DoorMaster,6.915000,D,S,632099.000000
Thu Jul 21 17:01:40 2022,21-Jul-2022,200147,48 20.338200 N,063 10.656900 W,2.0,326.1,A,DoorSpread,DoorMaster,6.915000,D,S,632099.000000
Thu Jul 21 17:01:40 2022,21-Jul-2022,200148,48 20.338700 N,063 10.657500 W,2.1,325.7,A,DoorSpread,DoorMaster,6.915000,D,S,632099.000000
Thu Jul 21 17:01:46 2022,21-Jul-2022,200149,48 20.339200 N,063 10.658000 W,2.1,325.5,A,DoorSpread,DoorMaster,7.620000,D,S,536888.000000
Thu Jul 21 17:01:46 2022,21-Jul-2022,200150,48 20.339800 N,063 10.658600 W,2.2,325.3,A,DoorSpread,DoorMaster,7.620000,D,S,536888.000000
Thu Jul 21 17:01:46 2022,21-Jul-2022,200151,48 20.340300 N,063 10.659300 W,2.3,324.9,A,DoorSpread,DoorMaster,7.620000,D,S,536888.000000
Thu Jul 21 17:01:46 2022,21-Jul-2022,200152,48 20.341000 N,063 10.660000 W,2.3,324.7,A,DoorSpread,DoorMaster,7.620000,D,S,536888.000000
Thu Jul 21 17:01:46 2022,21-Jul-2022,200153,48 20.341600 N,063 10.660700 W,2.4,324.5,A,DoorSpread,DoorMaster,7.620000,D,S,536888.000000
Thu Jul 21 17:01:46 2022,21-Jul-2022,200154,48 20.342300 N,063 10.661400 W,2.5,324.3,A,DoorSpread,DoorMaster,7.620000,D,S,536888.000000
Thu Jul 21 17:01:51 2022,21-Jul-2022,200155,48 20.343000 N,063 10.661900 W,2.5,324.2,A,DoorSpread,DoorMaster,6.630000,D,S,330163.000000
Thu Jul 21 17:01:51 2022,21-Jul-2022,200156,48 20.343600 N,063 10.662500 W,2.5,324.1,A,DoorSpread,DoorMaster,6.630000,D,S,330163.000000
Thu Jul 21 17:01:51 2022,21-Jul-2022,200157,48 20.344200 N,063 10.663100 W,2.5,323.9,A,DoorSpread,DoorMaster,6.630000,D,S,330163.000000
Thu Jul 21 17:01:51 2022,21-Jul-2022,200158,48 20.344800 N,063 10.663700 W,2.5,323.8,A,DoorSpread,DoorMaster,6.630000,D,S,330163.000000
Thu Jul 21 17:01:51 2022,21-Jul-2022,200159,48 20.345200 N,063 10.664200 W,2.4,323.7,A,DoorSpread,DoorMaster,6.630000,D,S,330163.000000
Thu Jul 21 17:01:51 2022,21-Jul-2022,200200,48 20.345500 N,063 10.664700 W,2.3,323.6,A,DoorSpread,DoorMaster,6.630000,D,S,330163.000000
Thu Jul 21 17:01:57 2022,21-Jul-2022,200201,48 20.345900 N,063 10.665100 W,2.3,323.5,A,DoorSpread,DoorMaster,6.540000,D,S,264970.000000
Thu Jul 21 17:01:57 2022,21-Jul-2022,200202,48 20.346200 N,063 10.665500 W,2.2,323.4,A,DoorSpread,DoorMaster,6.540000,D,S,264970.000000
Thu Jul 21 17:01:57 2022,21-Jul-2022,200203,48 20.346500 N,063 10.665900 W,2.1,323.3,A,DoorSpread,DoorMaster,6.540000,D,S,264970.000000
Thu Jul 21 17:01:57 2022,21-Jul-2022,200204,48 20.346900 N,063 10.666400 W,2.0,323.3,A,DoorSpread,DoorMaster,6.540000,D,S,264970.000000
Thu Jul 21 17:01:57 2022,21-Jul-2022,200205,48 20.347200 N,063 10.666800 W,2.0,323.2,A,DoorSpread,DoorMaster,6.540000,D,S,264970.000000
Thu Jul 21 17:02:02 2022,21-Jul-2022,200206,48 20.347500 N,063 10.667200 W,1.9,323.1,A,DoorSpread,DoorMaster,0.000000,E,S,508188.000000
Thu Jul 21 17:02:02 2022,21-Jul-2022,200207,48 20.347800 N,063 10.667600 W,1.8,323.0,A,DoorSpread,DoorMaster,0.000000,E,S,508188.000000
Thu Jul 21 17:02:02 2022,21-Jul-2022,200208,48 20.348100 N,063 10.668000 W,1.8,322.8,A,DoorSpread,DoorMaster,0.000000,E,S,508188.000000
Thu Jul 21 17:02:02 2022,21-Jul-2022,200209,48 20.348400 N,063 10.668400 W,1.7,322.7,A,DoorSpread,DoorMaster,0.000000,E,S,508188.000000
Thu Jul 21 17:02:02 2022,21-Jul-2022,200210,48 20.348600 N,063 10.668800 W,1.6,322.5,A,DoorSpread,DoorMaster,0.000000,E,S,508188.000000
Thu Jul 21 17:02:07 2022,21-Jul-2022,200211,48 20.348900 N,063 10.669100 W,1.6,322.4,A,DoorSpread,DoorMaster,7.510000,D,S,725636.000000
Thu Jul 21 17:02:07 2022,21-Jul-2022,200212,48 20.349200 N,063 10.669400 W,1.5,322.3,A,DoorSpread,DoorMaster,7.510000,D,S,725636.000000
Thu Jul 21 17:02:07 2022,21-Jul-2022,200213,48 20.349500 N,063 10.669800 W,1.5,322.1,A,DoorSpread,DoorMaster,7.510000,D,S,725636.000000
Thu Jul 21 17:02:07 2022,21-Jul-2022,200214,48 20.349700 N,063 10.670300 W,1.5,322.0,A,DoorSpread,DoorMaster,7.510000,D,S,725636.000000
Thu Jul 21 17:02:07 2022,21-Jul-2022,200215,48 20.350100 N,063 10.670700 W,1.5,321.7,A,DoorSpread,DoorMaster,7.510000,D,S,725636.000000
Thu Jul 21 17:02:12 2022,21-Jul-2022,200216,48 20.350300 N,063 10.671100 W,1.5,321.4,A,DoorSpread,DoorMaster,0.000000,E,S,703682.000000
Thu Jul 21 17:02:13 2022,21-Jul-2022,200217,48 20.350600 N,063 10.671500 W,1.5,321.2,A,DoorSpread,DoorSlave,14.510000,D,S,37945.000000
Thu Jul 21 17:02:13 2022,21-Jul-2022,200218,48 20.350800 N,063 10.671800 W,1.4,321.1,A,DoorSpread,DoorSlave,14.510000,D,S,37945.000000
Thu Jul 21 17:02:13 2022,21-Jul-2022,200219,48 20.351200 N,063 10.672200 W,1.5,320.9,A,DoorSpread,DoorSlave,14.510000,D,S,37945.000000
Thu Jul 21 17:02:13 2022,21-Jul-2022,200220,48 20.351500 N,063 10.672600 W,1.5,320.8,A,DoorSpread,DoorSlave,14.510000,D,S,37945.000000
Thu Jul 21 17:02:13 2022,21-Jul-2022,200221,48 20.351800 N,063 10.673000 W,1.4,320.6,A,DoorSpread,DoorSlave,14.510000,D,S,37945.000000
Thu Jul 21 17:02:18 2022,21-Jul-2022,200222,48 20.352000 N,063 10.673400 W,1.5,320.5,A,DoorSpread,DoorMaster,6.185000,D,S,386479.000000
Thu Jul 21 17:02:18 2022,21-Jul-2022,200223,48 20.352400 N,063 10.673800 W,1.5,320.3,A,DoorSpread,DoorMaster,6.185000,D,S,386479.000000
Thu Jul 21 17:02:18 2022,21-Jul-2022,200224,48 20.352700 N,063 10.674300 W,1.5,320.1,A,DoorSpread,DoorMaster,6.185000,D,S,386479.000000
Thu Jul 21 17:02:18 2022,21-Jul-2022,200225,48 20.353000 N,063 10.674800 W,1.5,319.8,A,DoorSpread,DoorMaster,6.185000,D,S,386479.000000
Thu Jul 21 17:02:18 2022,21-Jul-2022,200226,48 20.353300 N,063 10.675200 W,1.5,319.6,A,DoorSpread,DoorMaster,6.185000,D,S,386479.000000
Thu Jul 21 17:02:18 2022,21-Jul-2022,200227,48 20.353600 N,063 10.675600 W,1.5,319.6,A,DoorSpread,DoorMaster,6.185000,D,S,386479.000000
Thu Jul 21 17:02:24 2022,21-Jul-2022,200228,48 20.353900 N,063 10.676000 W,1.5,319.5,A,DoorSpread,DoorMaster,6.230000,D,S,422732.000000
Thu Jul 21 17:02:24 2022,21-Jul-2022,200229,48 20.354200 N,063 10.676400 W,1.5,319.6,A,DoorSpread,DoorMaster,6.230000,D,S,422732.000000
Thu Jul 21 17:02:24 2022,21-Jul-2022,200230,48 20.354600 N,063 10.676900 W,1.6,319.5,A,DoorSpread,DoorMaster,6.230000,D,S,422732.000000
Thu Jul 21 17:02:24 2022,21-Jul-2022,200231,48 20.354900 N,063 10.677400 W,1.6,319.3,A,DoorSpread,DoorMaster,6.230000,D,S,422732.000000
Thu Jul 21 17:02:24 2022,21-Jul-2022,200232,48 20.355200 N,063 10.677800 W,1.6,319.1,A,DoorSpread,DoorMaster,6.230000,D,S,422732.000000
Thu Jul 21 17:02:29 2022,21-Jul-2022,200233,48 20.355500 N,063 10.678300 W,1.6,318.9,A,DoorSpread,DoorMaster,6.675000,D,S,582543.000000
Thu Jul 21 17:02:29 2022,21-Jul-2022,200234,48 20.355800 N,063 10.678700 W,1.6,318.8,A,DoorSpread,DoorMaster,6.675000,D,S,582543.000000
Thu Jul 21 17:02:29 2022,21-Jul-2022,200235,48 20.356200 N,063 10.679100 W,1.6,318.8,A,DoorSpread,DoorMaster,6.675000,D,S,582543.000000
Thu Jul 21 17:02:29 2022,21-Jul-2022,200236,48 20.356500 N,063 10.679500 W,1.6,319.0,A,DoorSpread,DoorMaster,6.675000,D,S,582543.000000
Thu Jul 21 17:02:29 2022,21-Jul-2022,200237,48 20.356900 N,063 10.679900 W,1.6,319.2,A,DoorSpread,DoorMaster,6.675000,D,S,582543.000000
Thu Jul 21 17:02:29 2022,21-Jul-2022,200238,48 20.357200 N,063 10.680400 W,1.6,319.1,A,DoorSpread,DoorMaster,6.675000,D,S,582543.000000
Thu Jul 21 17:02:35 2022,21-Jul-2022,200239,48 20.357500 N,063 10.680900 W,1.7,318.9,A,DoorSpread,DoorMaster,5.975000,D,S,844977.000000
Thu Jul 21 17:02:35 2022,21-Jul-2022,200240,48 20.357800 N,063 10.681400 W,1.7,318.7,A,DoorSpread,DoorMaster,5.975000,D,S,844977.000000
Thu Jul 21 17:02:35 2022,21-Jul-2022,200241,48 20.358100 N,063 10.681900 W,1.6,318.6,A,DoorSpread,DoorMaster,5.975000,D,S,844977.000000
Thu Jul 21 17:02:35 2022,21-Jul-2022,200242,48 20.358500 N,063 10.682300 W,1.7,318.7,A,DoorSpread,DoorMaster,5.975000,D,S,844977.000000
Thu Jul 21 17:02:35 2022,21-Jul-2022,200243,48 20.358900 N,063 10.682800 W,1.7,319.0,A,DoorSpread,DoorMaster,5.975000,D,S,844977.000000
Thu Jul 21 17:02:40 2022,21-Jul-2022,200244,48 20.359200 N,063 10.683200 W,1.7,319.2,A,DoorSpread,DoorMaster,0.000000,E,S,715017.000000
Thu Jul 21 17:02:40 2022,21-Jul-2022,200245,48 20.359600 N,063 10.683800 W,1.7,319.2,A,DoorSpread,DoorMaster,0.000000,E,S,715017.000000
Thu Jul 21 17:02:40 2022,21-Jul-2022,200246,48 20.359900 N,063 10.684200 W,1.8,318.8,A,DoorSpread,DoorMaster,0.000000,E,S,715017.000000
Thu Jul 21 17:02:40 2022,21-Jul-2022,200247,48 20.360200 N,063 10.684700 W,1.8,318.5,A,DoorSpread,DoorMaster,0.000000,E,S,715017.000000
Thu Jul 21 17:02:40 2022,21-Jul-2022,200248,48 20.360600 N,063 10.685100 W,1.8,318.4,A,DoorSpread,DoorMaster,0.000000,E,S,715017.000000
Thu Jul 21 17:02:45 2022,21-Jul-2022,200249,48 20.360900 N,063 10.685400 W,1.8,318.5,A,DoorSpread,DoorMaster,0.000000,E,S,811464.000000
Thu Jul 21 17:02:45 2022,21-Jul-2022,200250,48 20.361400 N,063 10.685800 W,1.8,318.7,A,DoorSpread,DoorMaster,0.000000,E,S,811464.000000
Thu Jul 21 17:02:45 2022,21-Jul-2022,200251,48 20.361800 N,063 10.686300 W,1.8,318.9,A,DoorSpread,DoorMaster,0.000000,E,S,811464.000000
Thu Jul 21 17:02:45 2022,21-Jul-2022,200252,48 20.362100 N,063 10.686800 W,1.8,318.9,A,DoorSpread,DoorMaster,0.000000,E,S,811464.000000
Thu Jul 21 17:02:45 2022,21-Jul-2022,200253,48 20.362500 N,063 10.687300 W,1.8,318.8,A,DoorSpread,DoorMaster,0.000000,E,S,811464.000000
Thu Jul 21 17:02:50 2022,21-Jul-2022,200254,48 20.362900 N,063 10.687900 W,1.9,318.7,A,DoorSpread,DoorMaster,0.000000,E,S,851320.000000
Thu Jul 21 17:02:50 2022,21-Jul-2022,200255,48 20.363200 N,063 10.688300 W,1.9,318.7,A,DoorSpread,DoorMaster,0.000000,E,S,851320.000000
Thu Jul 21 17:02:50 2022,21-Jul-2022,200256,48 20.363600 N,063 10.688800 W,1.9,318.7,A,DoorSpread,DoorMaster,0.000000,E,S,851320.000000
Thu Jul 21 17:02:50 2022,21-Jul-2022,200257,48 20.364000 N,063 10.689300 W,1.9,318.8,A,DoorSpread,DoorMaster,0.000000,E,S,851320.000000
Thu Jul 21 17:02:50 2022,21-Jul-2022,200258,48 20.364500 N,063 10.689500 W,1.9,318.9,A,DoorSpread,DoorMaster,0.000000,E,S,851320.000000
Thu Jul 21 17:02:55 2022,21-Jul-2022,200259,48 20.365200 N,063 10.689700 W,1.9,319.0,A,DoorSpread,DoorMaster,0.000000,E,S,1441387.000000
Thu Jul 21 17:02:55 2022,21-Jul-2022,200300,48 20.365700 N,063 10.690000 W,1.9,318.9,A,DoorSpread,DoorMaster,0.000000,E,S,1441387.000000
Thu Jul 21 17:02:55 2022,21-Jul-2022,200301,48 20.366400 N,063 10.690400 W,1.9,318.8,A,DoorSpread,DoorMaster,0.000000,E,S,1441387.000000
Thu Jul 21 17:02:55 2022,21-Jul-2022,200302,48 20.367000 N,063 10.690900 W,1.9,318.8,A,DoorSpread,DoorMaster,0.000000,E,S,1441387.000000
Thu Jul 21 17:02:55 2022,21-Jul-2022,200303,48 20.367400 N,063 10.691300 W,1.9,318.9,A,DoorSpread,DoorMaster,0.000000,E,S,1441387.000000
Thu Jul 21 17:03:00 2022,21-Jul-2022,200304,48 20.367900 N,063 10.691800 W,2.0,319.0,A,DoorSpread,DoorMaster,0.000000,E,S,1119077.000000
Thu Jul 21 17:03:00 2022,21-Jul-2022,200305,48 20.368300 N,063 10.692400 W,2.0,318.8,A,DoorSpread,DoorMaster,0.000000,E,S,1119077.000000
Thu Jul 21 17:03:00 2022,21-Jul-2022,200306,48 20.368600 N,063 10.692900 W,2.0,318.5,A,DoorSpread,DoorMaster,0.000000,E,S,1119077.000000
Thu Jul 21 17:03:00 2022,21-Jul-2022,200307,48 20.369000 N,063 10.693400 W,2.0,318.2,A,DoorSpread,DoorMaster,0.000000,E,S,1119077.000000
Thu Jul 21 17:03:00 2022,21-Jul-2022,200308,48 20.369400 N,063 10.693900 W,2.0,318.2,A,DoorSpread,DoorMaster,0.000000,E,S,1119077.000000
Thu Jul 21 17:03:06 2022,21-Jul-2022,200309,48 20.369800 N,063 10.694400 W,2.0,318.3,A,DoorSpread,DoorMaster,5.280000,D,S,667818.000000
Thu Jul 21 17:03:06 2022,21-Jul-2022,200310,48 20.370200 N,063 10.694900 W,2.1,318.6,A,DoorSpread,DoorMaster,5.280000,D,S,667818.000000
Thu Jul 21 17:03:06 2022,21-Jul-2022,200311,48 20.370500 N,063 10.695500 W,2.1,318.7,A,DoorSpread,DoorMaster,5.280000,D,S,667818.000000
Thu Jul 21 17:03:06 2022,21-Jul-2022,200312,48 20.370900 N,063 10.696200 W,2.1,318.6,A,DoorSpread,DoorMaster,5.280000,D,S,667818.000000
Thu Jul 21 17:03:06 2022,21-Jul-2022,200313,48 20.371200 N,063 10.696900 W,2.1,318.4,A,DoorSpread,DoorMaster,5.280000,D,S,667818.000000
Thu Jul 21 17:03:10 2022,21-Jul-2022,200314,48 20.371700 N,063 10.697500 W,2.1,318.4,A,FishCount,Headline,9.816327,D,S,14573.000000
Thu Jul 21 17:03:11 2022,21-Jul-2022,200315,48 20.372100 N,063 10.698000 W,2.1,318.4,A,DoorSpread,DoorMaster,4.375000,D,S,443611.000000
Thu Jul 21 17:03:11 2022,21-Jul-2022,200316,48 20.372500 N,063 10.698500 W,2.1,318.5,A,DoorSpread,DoorMaster,4.375000,D,S,443611.000000
Thu Jul 21 17:03:11 2022,21-Jul-2022,200317,48 20.373000 N,063 10.698900 W,2.0,318.7,A,DoorSpread,DoorMaster,4.375000,D,S,443611.000000
Thu Jul 21 17:03:11 2022,21-Jul-2022,200318,48 20.373300 N,063 10.699400 W,2.0,318.7,A,DoorSpread,DoorMaster,4.375000,D,S,443611.000000
Thu Jul 21 17:03:11 2022,21-Jul-2022,200319,48 20.373700 N,063 10.699900 W,1.9,318.8,A,DoorSpread,DoorMaster,4.375000,D,S,443611.000000
Thu Jul 21 17:03:17 2022,21-Jul-2022,200320,48 20.374100 N,063 10.700300 W,1.9,318.9,A,DoorSpread,DoorMaster,4.020000,D,S,205308.000000
Thu Jul 21 17:03:17 2022,21-Jul-2022,200321,48 20.374400 N,063 10.700800 W,1.8,318.9,A,DoorSpread,DoorMaster,4.020000,D,S,205308.000000
Thu Jul 21 17:03:17 2022,21-Jul-2022,200322,48 20.374700 N,063 10.701200 W,1.8,318.9,A,DoorSpread,DoorMaster,4.020000,D,S,205308.000000
Thu Jul 21 17:03:17 2022,21-Jul-2022,200323,48 20.375000 N,063 10.701700 W,1.8,318.8,A,DoorSpread,DoorMaster,4.020000,D,S,205308.000000
Thu Jul 21 17:03:17 2022,21-Jul-2022,200324,48 20.375400 N,063 10.702200 W,1.8,318.8,A,DoorSpread,DoorMaster,4.020000,D,S,205308.000000
Thu Jul 21 17:03:17 2022,21-Jul-2022,200325,48 20.375700 N,063 10.702600 W,1.7,318.7,A,DoorSpread,DoorMaster,4.020000,D,S,205308.000000
Thu Jul 21 17:03:22 2022,21-Jul-2022,200326,48 20.376000 N,063 10.703000 W,1.7,318.8,A,DoorSpread,DoorMaster,3.815000,D,S,493808.000000
Thu Jul 21 17:03:22 2022,21-Jul-2022,200327,48 20.376300 N,063 10.703400 W,1.6,318.9,A,DoorSpread,DoorMaster,3.815000,D,S,493808.000000
Thu Jul 21 17:03:22 2022,21-Jul-2022,200328,48 20.376600 N,063 10.703800 W,1.6,319.0,A,DoorSpread,DoorMaster,3.815000,D,S,493808.000000
Thu Jul 21 17:03:22 2022,21-Jul-2022,200329,48 20.376900 N,063 10.704300 W,1.6,319.0,A,DoorSpread,DoorMaster,3.815000,D,S,493808.000000
Thu Jul 21 17:03:22 2022,21-Jul-2022,200330,48 20.377200 N,063 10.704800 W,1.6,318.9,A,DoorSpread,DoorMaster,3.815000,D,S,493808.000000
Thu Jul 21 17:03:27 2022,21-Jul-2022,200331,48 20.377500 N,063 10.705200 W,1.6,318.9,A,DoorSpread,DoorMaster,3.785000,D,S,900145.000000
Thu Jul 21 17:03:27 2022,21-Jul-2022,200332,48 20.377800 N,063 10.705600 W,1.5,318.9,A,DoorSpread,DoorMaster,3.785000,D,S,900145.000000
Thu Jul 21 17:03:27 2022,21-Jul-2022,200333,48 20.378000 N,063 10.706000 W,1.5,319.0,A,DoorSpread,DoorMaster,3.785000,D,S,900145.000000
Thu Jul 21 17:03:27 2022,21-Jul-2022,200334,48 20.378400 N,063 10.706400 W,1.5,319.0,A,DoorSpread,DoorMaster,3.785000,D,S,900145.000000
Thu Jul 21 17:03:27 2022,21-Jul-2022,200335,48 20.378600 N,063 10.706800 W,1.5,318.9,A,DoorSpread,DoorMaster,3.785000,D,S,900145.000000
Thu Jul 21 17:03:27 2022,21-Jul-2022,200336,48 20.378900 N,063 10.707300 W,1.5,318.8,A,DoorSpread,DoorMaster,3.785000,D,S,900145.000000
Thu Jul 21 17:03:33 2022,21-Jul-2022,200337,48 20.379200 N,063 10.707700 W,1.5,318.8,A,DoorSpread,DoorMaster,3.705000,D,S,532294.000000
Thu Jul 21 17:03:33 2022,21-Jul-2022,200338,48 20.379400 N,063 10.708100 W,1.4,318.8,A,DoorSpread,DoorMaster,3.705000,D,S,532294.000000
Thu Jul 21 17:03:35 2022,21-Jul-2022,200339,48 20.379700 N,063 10.708400 W,1.4,318.9,A,FishCount,Headline,2.608844,D,S,8012.000000
Thu Jul 21 17:03:35 2022,21-Jul-2022,200340,48 20.380000 N,063 10.708800 W,1.4,319.0,A,FishCount,Headline,2.608844,D,S,8012.000000
Thu Jul 21 17:03:35 2022,21-Jul-2022,200341,48 20.380300 N,063 10.709200 W,1.4,319.0,A,FishCount,Headline,2.608844,D,S,8012.000000
Thu Jul 21 17:03:38 2022,21-Jul-2022,200342,48 20.380500 N,063 10.709700 W,1.4,318.8,A,DoorSpread,DoorMaster,3.770000,D,S,863876.000000
Thu Jul 21 17:03:38 2022,21-Jul-2022,200343,48 20.380700 N,063 10.710100 W,1.4,318.6,A,DoorSpread,DoorMaster,3.770000,D,S,863876.000000
Thu Jul 21 17:03:38 2022,21-Jul-2022,200344,48 20.381000 N,063 10.710500 W,1.4,318.6,A,DoorSpread,DoorMaster,3.770000,D,S,863876.000000
Thu Jul 21 17:03:38 2022,21-Jul-2022,200345,48 20.381300 N,063 10.710900 W,1.4,318.6,A,DoorSpread,DoorMaster,3.770000,D,S,863876.000000
Thu Jul 21 17:03:38 2022,21-Jul-2022,200346,48 20.381600 N,063 10.711200 W,1.4,318.7,A,DoorSpread,DoorMaster,3.770000,D,S,863876.000000
Thu Jul 21 17:03:44 2022,21-Jul-2022,200347,48 20.381900 N,063 10.711700 W,1.5,318.7,A,DoorSpread,DoorMaster,3.565000,D,S,514187.000000
Thu Jul 21 17:03:44 2022,21-Jul-2022,200348,48 20.382100 N,063 10.712100 W,1.4,318.7,A,DoorSpread,DoorMaster,3.565000,D,S,514187.000000
Thu Jul 21 17:03:44 2022,21-Jul-2022,200349,48 20.382400 N,063 10.712500 W,1.4,318.6,A,DoorSpread,DoorMaster,3.565000,D,S,514187.000000
Thu Jul 21 17:03:44 2022,21-Jul-2022,200350,48 20.382700 N,063 10.712900 W,1.5,318.6,A,DoorSpread,DoorMaster,3.565000,D,S,514187.000000
Thu Jul 21 17:03:44 2022,21-Jul-2022,200351,48 20.383000 N,063 10.713300 W,1.5,318.7,A,DoorSpread,DoorMaster,3.565000,D,S,514187.000000
Thu Jul 21 17:03:44 2022,21-Jul-2022,200352,48 20.383300 N,063 10.713700 W,1.5,318.7,A,DoorSpread,DoorMaster,3.565000,D,S,514187.000000
Thu Jul 21 17:03:49 2022,21-Jul-2022,200353,48 20.383600 N,063 10.714200 W,1.5,318.7,A,DoorSpread,DoorMaster,3.545000,D,S,437689.000000
Thu Jul 21 17:03:49 2022,21-Jul-2022,200354,48 20.383900 N,063 10.714700 W,1.5,318.6,A,DoorSpread,DoorMaster,3.545000,D,S,437689.000000
Thu Jul 21 17:03:49 2022,21-Jul-2022,200355,48 20.384200 N,063 10.715100 W,1.5,318.5,A,DoorSpread,DoorMaster,3.545000,D,S,437689.000000
Thu Jul 21 17:03:49 2022,21-Jul-2022,200356,48 20.384500 N,063 10.715500 W,1.5,318.6,A,DoorSpread,DoorMaster,3.545000,D,S,437689.000000
Thu Jul 21 17:03:49 2022,21-Jul-2022,200357,48 20.384900 N,063 10.715900 W,1.5,318.7,A,DoorSpread,DoorMaster,3.545000,D,S,437689.000000
Thu Jul 21 17:03:54 2022,21-Jul-2022,200358,48 20.385200 N,063 10.716400 W,1.6,318.7,A,DoorSpread,DoorMaster,3.790000,D,S,755703.000000
Thu Jul 21 17:03:54 2022,21-Jul-2022,200359,48 20.385500 N,063 10.716800 W,1.6,318.6,A,DoorSpread,DoorMaster,3.790000,D,S,755703.000000
