Ship Number,Trip Number,Tow Number
AVALON,2,8
Comments
"ZONE 12"
CPU Date and Time,GPS Date,GPS Time,Latitude,Longitude,Speed,Heading,Validity,Transducer Name,Sensor Name,Sensor Value,Error Code,Hydrophone,Signal Strength
Thu Jul 31 13:13:14 2025,31-Jul-2025,161316,46 45.009300 N,063 11.706800 W,2.1,161.1,A,Primary,Headline,4.612245,D,S,63694.000000
Thu Jul 31 13:13:14 2025,31-Jul-2025,161317,46 45.008800 N,063 11.706600 W,2.1,161.2,A,Primary,Headline,4.612245,D,S,63694.000000
Thu Jul 31 13:13:16 2025,31-Jul-2025,161318,46 45.008300 N,063 11.706300 W,2.1,161.3,A,Depth,Depth,8.888889,D,P,73087.000000
Thu Jul 31 13:13:16 2025,31-Jul-2025,161319,46 45.007800 N,063 11.706100 W,2.1,161.3,A,DoorSpread,DoorMaster,1.740000,D,S,758243.000000
Thu Jul 31 13:13:16 2025,31-Jul-2025,161320,46 45.007300 N,063 11.705900 W,2.1,161.3,A,DoorSpread,DoorMaster,1.740000,D,S,758243.000000
Thu Jul 31 13:13:19 2025,31-Jul-2025,161321,46 45.006800 N,063 11.705600 W,2.1,161.3,A,Primary,Headline,4.102041,D,S,120656.000000
Thu Jul 31 13:13:19 2025,31-Jul-2025,161322,46 45.006400 N,063 11.705300 W,2.1,161.1,A,Primary,Headline,4.102041,D,S,120656.000000
Thu Jul 31 13:13:19 2025,31-Jul-2025,161323,46 45.006000 N,063 11.705000 W,2.1,160.8,A,Primary,Headline,4.102041,D,S,120656.000000
Thu Jul 31 13:13:21 2025,31-Jul-2025,161324,46 45.005400 N,063 11.704700 W,2.1,160.7,A,DoorSpread,DoorMaster,0.000000,E,P,430413.000000
Thu Jul 31 13:13:23 2025,31-Jul-2025,161325,46 45.005000 N,063 11.704400 W,2.1,160.7,A,Depth,Depth,11.759259,D,P,93641.000000
Thu Jul 31 13:13:24 2025,31-Jul-2025,161326,46 45.004500 N,063 11.704100 W,2.1,160.5,A,Primary,Headline,2.591837,D,P,93704.000000
Thu Jul 31 13:13:24 2025,31-Jul-2025,161327,46 45.004000 N,063 11.703800 W,2.1,160.3,A,Primary,Headline,2.591837,D,P,93704.000000
Thu Jul 31 13:13:24 2025,31-Jul-2025,161328,46 45.003500 N,063 11.703500 W,2.1,160.2,A,Primary,Headline,2.591837,D,P,93704.000000
Thu Jul 31 13:13:27 2025,31-Jul-2025,161329,46 45.003000 N,063 11.703200 W,2.0,160.1,A,DoorSpread,DoorMaster,1.645000,D,S,601396.000000
Thu Jul 31 13:13:27 2025,31-Jul-2025,161330,46 45.002600 N,063 11.702900 W,2.0,159.8,A,DoorSpread,DoorMaster,1.645000,D,S,601396.000000
Thu Jul 31 13:13:29 2025,31-Jul-2025,161331,46 45.002200 N,063 11.702500 W,2.0,159.5,A,Primary,Headline,2.183673,D,S,103123.000000
Thu Jul 31 13:13:30 2025,31-Jul-2025,161332,46 45.001800 N,063 11.702300 W,2.0,159.3,A,Depth,Depth,12.685185,D,S,62105.000000
Thu Jul 31 13:13:30 2025,31-Jul-2025,161333,46 45.001400 N,063 11.702000 W,1.8,159.0,A,Depth,Depth,12.685185,D,S,62105.000000
Thu Jul 31 13:13:32 2025,31-Jul-2025,161334,46 45.001100 N,063 11.701600 W,1.9,158.4,A,DoorSpread,DoorMaster,1.975000,D,P,509567.000000
Thu Jul 31 13:13:32 2025,31-Jul-2025,161335,46 45.000600 N,063 11.701100 W,1.9,158.0,A,DoorSpread,DoorMaster,1.975000,D,P,509567.000000
Thu Jul 31 13:13:34 2025,31-Jul-2025,161336,46 45.000100 N,063 11.700800 W,1.9,157.8,A,Primary,Headline,2.530612,D,P,79602.000000
Thu Jul 31 13:13:34 2025,31-Jul-2025,161337,46 44.999600 N,063 11.700400 W,2.0,157.8,A,Primary,Headline,2.530612,D,P,79602.000000
Thu Jul 31 13:13:34 2025,31-Jul-2025,161338,46 44.999000 N,063 11.700000 W,2.0,157.8,A,Primary,Headline,2.530612,D,P,79602.000000
Thu Jul 31 13:13:37 2025,31-Jul-2025,161339,46 44.998500 N,063 11.699600 W,2.1,157.7,A,Depth,Depth,14.444444,D,S,87142.000000
Thu Jul 31 13:13:38 2025,31-Jul-2025,161340,46 44.997900 N,063 11.699300 W,2.1,157.7,A,DoorSpread,DoorMaster,2.075000,D,S,1078142.000000
Thu Jul 31 13:13:39 2025,31-Jul-2025,161341,46 44.997400 N,063 11.699000 W,2.1,157.6,A,Primary,Headline,2.306122,D,S,158802.000000
Thu Jul 31 13:13:39 2025,31-Jul-2025,161342,46 44.996800 N,063 11.698600 W,2.2,157.5,A,Primary,Headline,2.306122,D,S,158802.000000
Thu Jul 31 13:13:39 2025,31-Jul-2025,161343,46 44.996200 N,063 11.698300 W,2.2,157.3,A,Primary,Headline,2.306122,D,S,158802.000000
Thu Jul 31 13:13:39 2025,31-Jul-2025,161344,46 44.995600 N,063 11.698100 W,2.2,157.3,A,Primary,Headline,2.306122,D,S,158802.000000
Thu Jul 31 13:13:43 2025,31-Jul-2025,161345,46 44.994900 N,063 11.697800 W,2.3,157.5,A,DoorSpread,DoorMaster,2.285000,D,S,1085115.000000
Thu Jul 31 13:13:44 2025,31-Jul-2025,161346,46 44.994100 N,063 11.697500 W,2.4,157.6,A,Depth,Depth,12.777778,D,P,141016.000000
Thu Jul 31 13:13:45 2025,31-Jul-2025,161347,46 44.993300 N,063 11.697100 W,2.5,157.9,A,Primary,Headline,2.612245,D,S,122923.000000
Thu Jul 31 13:13:45 2025,31-Jul-2025,161348,46 44.992600 N,063 11.696700 W,2.5,157.9,A,Primary,Headline,2.612245,D,S,122923.000000
Thu Jul 31 13:13:45 2025,31-Jul-2025,161349,46 44.992000 N,063 11.696200 W,2.5,157.5,A,Primary,Headline,2.612245,D,S,122923.000000
Thu Jul 31 13:13:48 2025,31-Jul-2025,161350,46 44.991300 N,063 11.695800 W,2.6,157.2,A,DoorSpread,DoorMaster,2.220000,D,P,936809.000000
Thu Jul 31 13:13:49 2025,31-Jul-2025,161351,46 44.990600 N,063 11.695500 W,2.6,157.4,A,Primary,Headline,2.469388,D,S,195464.000000
Thu Jul 31 13:13:49 2025,31-Jul-2025,161352,46 44.989800 N,063 11.695100 W,2.6,157.5,A,Primary,Headline,2.469388,D,S,195464.000000
Thu Jul 31 13:13:51 2025,31-Jul-2025,161353,46 44.989100 N,063 11.694700 W,2.6,157.5,A,Depth,Depth,15.000000,D,P,201082.000000
Thu Jul 31 13:13:51 2025,31-Jul-2025,161354,46 44.988300 N,063 11.694200 W,2.7,157.5,A,Depth,Depth,15.000000,D,P,201082.000000
Thu Jul 31 13:13:53 2025,31-Jul-2025,161355,46 44.987600 N,063 11.693700 W,2.7,157.4,A,DoorSpread,DoorMaster,2.255000,D,P,382251.000000
Thu Jul 31 13:13:55 2025,31-Jul-2025,161356,46 44.986900 N,063 11.693300 W,2.7,157.5,A,Primary,Headline,2.938776,D,S,150458.000000
Thu Jul 31 13:13:55 2025,31-Jul-2025,161357,46 44.986100 N,063 11.692800 W,2.8,157.6,A,Primary,Headline,2.938776,D,S,150458.000000
Thu Jul 31 13:13:55 2025,31-Jul-2025,161358,46 44.985300 N,063 11.692400 W,2.9,157.6,A,Primary,Headline,2.938776,D,S,150458.000000
Thu Jul 31 13:13:55 2025,31-Jul-2025,161359,46 44.984500 N,063 11.691900 W,3.0,157.5,A,Primary,Headline,2.938776,D,S,150458.000000
Thu Jul 31 13:13:58 2025,31-Jul-2025,161400,46 44.983600 N,063 11.691300 W,3.1,157.5,A,Depth,Depth,15.925926,D,S,69204.000000
Thu Jul 31 13:13:59 2025,31-Jul-2025,161401,46 44.982600 N,063 11.690800 W,3.3,157.4,A,DoorSpread,DoorMaster,2.255000,D,S,966653.000000
Thu Jul 31 13:13:59 2025,31-Jul-2025,161402,46 44.981600 N,063 11.690100 W,3.4,157.2,A,Primary,Headline,3.612245,D,S,109231.000000
Thu Jul 31 13:13:59 2025,31-Jul-2025,161403,46 44.980500 N,063 11.689400 W,3.6,157.2,A,Primary,Headline,3.612245,D,S,109231.000000
Thu Jul 31 13:13:59 2025,31-Jul-2025,161404,46 44.979400 N,063 11.688700 W,3.7,157.0,A,Primary,Headline,3.612245,D,S,109231.000000
Thu Jul 31 13:13:59 2025,31-Jul-2025,161405,46 44.978300 N,063 11.687900 W,3.9,156.6,A,Primary,Headline,3.612245,D,S,109231.000000
Thu Jul 31 13:14:04 2025,31-Jul-2025,161406,46 44.977200 N,063 11.687300 W,4.0,156.4,A,DoorSpread,DoorMaster,2.395000,D,P,531315.000000
Thu Jul 31 13:14:05 2025,31-Jul-2025,161407,46 44.976100 N,063 11.686700 W,4.1,156.4,A,Depth,Depth,19.814815,D,S,54815.000000
Thu Jul 31 13:14:05 2025,31-Jul-2025,161408,46 44.975100 N,063 11.686000 W,4.1,156.0,A,Depth,Depth,19.814815,D,S,54815.000000
Thu Jul 31 13:14:05 2025,31-Jul-2025,161409,46 44.974000 N,063 11.685400 W,4.2,156.0,A,Depth,Depth,19.814815,D,S,54815.000000
Thu Jul 31 13:14:05 2025,31-Jul-2025,161410,46 44.972800 N,063 11.684700 W,4.3,155.9,A,Depth,Depth,19.814815,D,S,54815.000000
Thu Jul 31 13:14:05 2025,31-Jul-2025,161411,46 44.971800 N,063 11.684000 W,4.3,155.8,A,Depth,Depth,19.814815,D,S,54815.000000
Thu Jul 31 13:14:10 2025,31-Jul-2025,161412,46 44.970700 N,063 11.683200 W,4.4,155.8,A,DoorSpread,DoorMaster,16.165000,D,S,875361.000000
Thu Jul 31 13:14:10 2025,31-Jul-2025,161413,46 44.969500 N,063 11.682400 W,4.4,155.9,A,DoorSpread,DoorMaster,16.165000,D,S,875361.000000
Thu Jul 31 13:14:12 2025,31-Jul-2025,161414,46 44.968300 N,063 11.681600 W,4.5,155.9,A,Depth,Depth,15.833333,D,P,71842.000000
Thu Jul 31 13:14:12 2025,31-Jul-2025,161415,46 44.967000 N,063 11.680800 W,4.5,155.9,A,Depth,Depth,15.833333,D,P,71842.000000
Thu Jul 31 13:14:12 2025,31-Jul-2025,161416,46 44.965700 N,063 11.679900 W,4.5,156.1,A,Depth,Depth,15.833333,D,P,71842.000000
Thu Jul 31 13:14:15 2025,31-Jul-2025,161417,46 44.964400 N,063 11.679200 W,4.6,156.4,A,Primary,Headline,2.367347,D,S,75904.000000
Thu Jul 31 13:14:17 2025,31-Jul-2025,161418,46 44.963200 N,063 11.678500 W,4.6,156.8,A,DoorSpread,DoorMaster,16.700000,D,S,562837.000000
Thu Jul 31 13:14:17 2025,31-Jul-2025,161419,46 44.962000 N,063 11.677800 W,4.6,156.9,A,DoorSpread,DoorMaster,16.700000,D,S,562837.000000
Thu Jul 31 13:14:17 2025,31-Jul-2025,161420,46 44.960900 N,063 11.677000 W,4.6,157.0,A,DoorSpread,DoorMaster,16.700000,D,S,562837.000000
Thu Jul 31 13:14:20 2025,31-Jul-2025,161421,46 44.959800 N,063 11.676300 W,4.6,157.1,A,Primary,Headline,3.000000,D,S,65295.000000
Thu Jul 31 13:14:20 2025,31-Jul-2025,161422,46 44.958600 N,063 11.675600 W,4.6,157.4,A,Primary,Headline,3.000000,D,S,65295.000000
Thu Jul 31 13:14:20 2025,31-Jul-2025,161423,46 44.957400 N,063 11.675000 W,4.6,157.7,A,Primary,Headline,3.000000,D,S,65295.000000
Thu Jul 31 13:14:22 2025,31-Jul-2025,161424,46 44.956100 N,063 11.674300 W,4.6,158.1,A,DoorSpread,DoorMaster,4.785000,D,S,579548.000000
Thu Jul 31 13:14:22 2025,31-Jul-2025,161425,46 44.954800 N,063 11.673700 W,4.6,158.2,A,DoorSpread,DoorMaster,4.785000,D,S,579548.000000
Thu Jul 31 13:14:22 2025,31-Jul-2025,161426,46 44.953500 N,063 11.672900 W,4.6,158.0,A,DoorSpread,DoorMaster,4.785000,D,S,579548.000000
Thu Jul 31 13:14:25 2025,31-Jul-2025,161427,46 44.952300 N,063 11.672200 W,4.6,157.8,A,Primary,Headline,3.163265,D,S,89511.000000
Thu Jul 31 13:14:26 2025,31-Jul-2025,161428,46 44.951100 N,063 11.671400 W,4.6,157.8,A,Depth,Depth,16.666667,D,P,96677.000000
Thu Jul 31 13:14:27 2025,31-Jul-2025,161429,46 44.949900 N,063 11.670700 W,4.6,157.8,A,DoorSpread,DoorMaster,4.610000,D,P,755318.000000
Thu Jul 31 13:14:28 2025,31-Jul-2025,161430,46 44.948700 N,063 11.670100 W,4.6,157.9,A,DoorSpread,DoorMaster,4.620000,D,S,410293.000000
Thu Jul 31 13:14:28 2025,31-Jul-2025,161431,46 44.947600 N,063 11.669300 W,4.6,157.8,A,DoorSpread,DoorMaster,4.620000,D,S,410293.000000
Thu Jul 31 13:14:30 2025,31-Jul-2025,161432,46 44.946400 N,063 11.668500 W,4.6,157.5,A,Primary,Headline,5.244898,D,S,85104.000000
Thu Jul 31 13:14:30 2025,31-Jul-2025,161433,46 44.945200 N,063 11.667800 W,4.6,157.3,A,Primary,Headline,5.244898,D,S,85104.000000
Thu Jul 31 13:14:30 2025,31-Jul-2025,161434,46 44.944000 N,063 11.667000 W,4.6,157.2,A,Primary,Headline,5.244898,D,S,85104.000000
Thu Jul 31 13:14:34 2025,31-Jul-2025,161435,46 44.942900 N,063 11.666300 W,4.6,157.1,A,DoorSpread,DoorMaster,18.185000,D,S,502341.000000
Thu Jul 31 13:14:34 2025,31-Jul-2025,161436,46 44.941800 N,063 11.665700 W,4.6,157.2,A,DoorSpread,DoorMaster,18.165000,D,P,440757.000000
Thu Jul 31 13:14:35 2025,31-Jul-2025,161437,46 44.940700 N,063 11.665000 W,4.6,157.1,A,Primary,Headline,27.346939,D,S,114881.000000
Thu Jul 31 13:14:35 2025,31-Jul-2025,161438,46 44.939400 N,063 11.664400 W,4.6,157.2,A,Primary,Headline,27.346939,D,S,114881.000000
Thu Jul 31 13:14:35 2025,31-Jul-2025,161439,46 44.938100 N,063 11.663700 W,4.6,157.2,A,Primary,Headline,27.346939,D,S,114881.000000
Thu Jul 31 13:14:35 2025,31-Jul-2025,161440,46 44.936900 N,063 11.662900 W,4.6,157.0,A,Primary,Headline,27.346939,D,S,114881.000000
Thu Jul 31 13:14:39 2025,31-Jul-2025,161441,46 44.935700 N,063 11.662100 W,4.6,156.9,A,DoorSpread,DoorMaster,4.925000,D,S,472867.000000
Thu Jul 31 13:14:41 2025,31-Jul-2025,161442,46 44.934500 N,063 11.661300 W,4.6,157.0,A,Depth,Depth,16.574074,D,S,57310.000000
Thu Jul 31 13:14:41 2025,31-Jul-2025,161443,46 44.933200 N,063 11.660600 W,4.6,156.9,A,Depth,Depth,16.574074,D,S,57310.000000
Thu Jul 31 13:14:41 2025,31-Jul-2025,161444,46 44.932000 N,063 11.659800 W,4.6,156.8,A,Depth,Depth,16.574074,D,S,57310.000000
Thu Jul 31 13:14:41 2025,31-Jul-2025,161445,46 44.930700 N,063 11.658900 W,4.7,156.6,A,Depth,Depth,16.574074,D,S,57310.000000
Thu Jul 31 13:14:41 2025,31-Jul-2025,161446,46 44.929600 N,063 11.658000 W,4.7,156.1,A,Depth,Depth,16.574074,D,S,57310.000000
Thu Jul 31 13:14:45 2025,31-Jul-2025,161447,46 44.928400 N,063 11.657200 W,4.7,155.9,A,DoorSpread,DoorMaster,5.265000,D,S,243309.000000
Thu Jul 31 13:14:46 2025,31-Jul-2025,161448,46 44.927200 N,063 11.656500 W,4.7,156.1,A,Primary,Headline,19.469388,D,P,153459.000000
Thu Jul 31 13:14:46 2025,31-Jul-2025,161449,46 44.926100 N,063 11.655900 W,4.7,156.4,A,Primary,Headline,19.469388,D,P,153459.000000
Thu Jul 31 13:14:48 2025,31-Jul-2025,161450,46 44.924900 N,063 11.655200 W,4.7,156.5,A,Depth,Depth,20.740741,D,P,105665.000000
Thu Jul 31 13:14:48 2025,31-Jul-2025,161451,46 44.923800 N,063 11.654300 W,4.7,156.1,A,Depth,Depth,20.740741,D,P,105665.000000
Thu Jul 31 13:14:48 2025,31-Jul-2025,161452,46 44.922600 N,063 11.653400 W,4.7,156.0,A,Depth,Depth,20.740741,D,P,105665.000000
Thu Jul 31 13:14:51 2025,31-Jul-2025,161453,46 44.921400 N,063 11.652600 W,4.7,156.1,A,Primary,Headline,38.857143,D,S,94451.000000
Thu Jul 31 13:14:51 2025,31-Jul-2025,161454,46 44.920100 N,063 11.651800 W,4.7,156.4,A,Primary,Headline,38.857143,D,S,94451.000000
Thu Jul 31 13:14:51 2025,31-Jul-2025,161455,46 44.918800 N,063 11.650900 W,4.8,156.6,A,Primary,Headline,38.857143,D,S,94451.000000
Thu Jul 31 13:14:51 2025,31-Jul-2025,161456,46 44.917500 N,063 11.650100 W,4.8,156.6,A,Primary,Headline,38.857143,D,S,94451.000000
Thu Jul 31 13:14:55 2025,31-Jul-2025,161457,46 44.916200 N,063 11.649100 W,4.8,156.3,A,Depth,Depth,17.314815,D,S,55110.000000
Thu Jul 31 13:14:55 2025,31-Jul-2025,161458,46 44.914800 N,063 11.648200 W,4.8,156.0,A,Depth,Depth,17.314815,D,S,55110.000000
Thu Jul 31 13:14:57 2025,31-Jul-2025,161459,46 44.913500 N,063 11.647300 W,4.8,155.7,A,Primary,Headline,41.326531,D,S,55240.000000
Thu Jul 31 13:14:57 2025,31-Jul-2025,161500,46 44.912100 N,063 11.646400 W,4.8,155.4,A,Primary,Headline,41.326531,D,S,55240.000000
Thu Jul 31 13:14:57 2025,31-Jul-2025,161501,46 44.910800 N,063 11.645500 W,4.8,155.3,A,Primary,Headline,41.326531,D,S,55240.000000
Thu Jul 31 13:14:57 2025,31-Jul-2025,161502,46 44.909500 N,063 11.644700 W,4.8,155.1,A,Primary,Headline,41.326531,D,S,55240.000000
Thu Jul 31 13:15:00 2025,31-Jul-2025,161503,46 44.908100 N,063 11.643900 W,4.8,154.9,A,DoorSpread,DoorMaster,6.530000,D,S,306808.000000
Thu Jul 31 13:15:02 2025,31-Jul-2025,161504,46 44.906800 N,063 11.642900 W,4.8,154.7,A,Depth,Depth,19.259259,D,P,75917.000000
Thu Jul 31 13:15:03 2025,31-Jul-2025,161505,46 44.905400 N,063 11.642000 W,4.8,154.5,A,Primary,Headline,38.408163,D,S,56762.000000
Thu Jul 31 13:15:03 2025,31-Jul-2025,161506,46 44.904100 N,063 11.641100 W,4.8,154.3,A,Primary,Headline,38.408163,D,S,56762.000000
Thu Jul 31 13:15:03 2025,31-Jul-2025,161507,46 44.902800 N,063 11.640300 W,4.9,154.4,A,Primary,Headline,38.408163,D,S,56762.000000
Thu Jul 31 13:15:06 2025,31-Jul-2025,161508,46 44.901500 N,063 11.639500 W,4.8,154.5,A,DoorSpread,DoorMaster,5.455000,D,S,224938.000000
Thu Jul 31 13:15:06 2025,31-Jul-2025,161509,46 44.900300 N,063 11.638600 W,4.8,154.3,A,DoorSpread,DoorMaster,5.455000,D,S,224938.000000
Thu Jul 31 13:15:08 2025,31-Jul-2025,161510,46 44.899200 N,063 11.637800 W,4.8,154.3,A,Primary,Headline,41.755102,D,S,68931.000000
Thu Jul 31 13:15:09 2025,31-Jul-2025,161511,46 44.897900 N,063 11.637000 W,4.8,154.3,A,Depth,Depth,27.592593,D,S,35174.000000
Thu Jul 31 13:15:09 2025,31-Jul-2025,161512,46 44.896700 N,063 11.636200 W,4.8,154.4,A,Depth,Depth,27.592593,D,S,35174.000000
Thu Jul 31 13:15:09 2025,31-Jul-2025,161513,46 44.895500 N,063 11.635300 W,4.8,154.5,A,Depth,Depth,27.592593,D,S,35174.000000
Thu Jul 31 13:15:09 2025,31-Jul-2025,161514,46 44.894300 N,063 11.634400 W,4.8,154.7,A,Depth,Depth,27.592593,D,S,35174.000000
Thu Jul 31 13:15:13 2025,31-Jul-2025,161515,46 44.893100 N,063 11.633500 W,4.8,154.7,A,DoorSpread,DoorMaster,24.960000,D,S,168183.000000
Thu Jul 31 13:15:14 2025,31-Jul-2025,161516,46 44.892000 N,063 11.632700 W,4.8,154.5,A,Primary,Headline,32.489796,D,S,61191.000000
Thu Jul 31 13:15:14 2025,31-Jul-2025,161517,46 44.890800 N,063 11.631800 W,4.8,154.5,A,Primary,Headline,32.489796,D,S,61191.000000
Thu Jul 31 13:15:16 2025,31-Jul-2025,161518,46 44.889600 N,063 11.631100 W,4.8,154.7,A,Depth,Depth,15.370370,D,S,40343.000000
Thu Jul 31 13:15:16 2025,31-Jul-2025,161519,46 44.888300 N,063 11.630400 W,4.8,154.8,A,Depth,Depth,15.370370,D,S,40343.000000
Thu Jul 31 13:15:16 2025,31-Jul-2025,161520,46 44.887000 N,063 11.629700 W,4.8,154.9,A,Depth,Depth,15.370370,D,S,40343.000000
Thu Jul 31 13:15:18 2025,31-Jul-2025,161521,46 44.885800 N,063 11.629000 W,4.8,155.0,A,DoorSpread,DoorMaster,5.580000,D,S,234159.000000
Thu Jul 31 13:15:19 2025,31-Jul-2025,161522,46 44.884600 N,063 11.628300 W,4.8,155.1,A,Primary,Headline,39.326531,D,P,98280.000000
Thu Jul 31 13:15:19 2025,31-Jul-2025,161523,46 44.883400 N,063 11.627600 W,4.8,155.1,A,Primary,Headline,39.326531,D,P,98280.000000
Thu Jul 31 13:15:19 2025,31-Jul-2025,161524,46 44.882200 N,063 11.626800 W,4.8,155.2,A,Primary,Headline,39.326531,D,P,98280.000000
Thu Jul 31 13:15:23 2025,31-Jul-2025,161525,46 44.880900 N,063 11.626100 W,4.8,155.2,A,Depth,Depth,25.092593,D,S,56548.000000
Thu Jul 31 13:15:24 2025,31-Jul-2025,161526,46 44.879600 N,063 11.625400 W,4.9,155.4,A,DoorSpread,DoorMaster,5.000000,D,S,300960.000000
Thu Jul 31 13:15:25 2025,31-Jul-2025,161527,46 44.878300 N,063 11.624600 W,4.9,155.5,A,Primary,Headline,34.591837,D,S,59977.000000
Thu Jul 31 13:15:25 2025,31-Jul-2025,161528,46 44.877100 N,063 11.623900 W,4.9,155.6,A,Primary,Headline,34.591837,D,S,59977.000000
Thu Jul 31 13:15:25 2025,31-Jul-2025,161529,46 44.876000 N,063 11.623200 W,4.8,155.4,A,Primary,Headline,34.591837,D,S,59977.000000
Thu Jul 31 13:15:25 2025,31-Jul-2025,161530,46 44.874800 N,063 11.622400 W,4.8,155.3,A,Primary,Headline,34.591837,D,S,59977.000000
Thu Jul 31 13:15:29 2025,31-Jul-2025,161531,46 44.873600 N,063 11.621700 W,4.8,155.3,A,DoorSpread,DoorMaster,4.930000,D,S,250265.000000
Thu Jul 31 13:15:31 2025,31-Jul-2025,161532,46 44.872400 N,063 11.621000 W,4.8,155.1,A,Primary,Headline,34.326531,D,S,52310.000000
Thu Jul 31 13:15:31 2025,31-Jul-2025,161533,46 44.871200 N,063 11.620100 W,4.9,155.1,A,Primary,Headline,34.326531,D,S,52310.000000
Thu Jul 31 13:15:31 2025,31-Jul-2025,161534,46 44.869900 N,063 11.619300 W,4.8,155.1,A,Primary,Headline,34.326531,D,S,52310.000000
Thu Jul 31 13:15:31 2025,31-Jul-2025,161535,46 44.868700 N,063 11.618400 W,4.9,155.3,A,Primary,Headline,34.326531,D,S,52310.000000
Thu Jul 31 13:15:31 2025,31-Jul-2025,161536,46 44.867400 N,063 11.617500 W,4.9,155.4,A,Primary,Headline,34.326531,D,S,52310.000000
Thu Jul 31 13:15:31 2025,31-Jul-2025,161537,46 44.866200 N,063 11.616600 W,4.9,155.5,A,Primary,Headline,34.326531,D,S,52310.000000
Thu Jul 31 13:15:36 2025,31-Jul-2025,161538,46 44.865100 N,063 11.615800 W,4.9,155.5,A,Primary,Headline,28.897959,D,S,44878.000000
Thu Jul 31 13:15:37 2025,31-Jul-2025,161539,46 44.863800 N,063 11.614900 W,4.9,155.7,A,Depth,Depth,31.574074,D,S,50400.000000
Thu Jul 31 13:15:37 2025,31-Jul-2025,161540,46 44.862600 N,063 11.614000 W,4.9,155.8,A,Depth,Depth,31.574074,D,S,50400.000000
Thu Jul 31 13:15:37 2025,31-Jul-2025,161541,46 44.861400 N,063 11.613200 W,4.9,156.0,A,Depth,Depth,31.574074,D,S,50400.000000
Thu Jul 31 13:15:37 2025,31-Jul-2025,161542,46 44.860000 N,063 11.612400 W,4.9,156.2,A,Depth,Depth,31.574074,D,S,50400.000000
Thu Jul 31 13:15:41 2025,31-Jul-2025,161543,46 44.858700 N,063 11.611600 W,4.9,156.4,A,Primary,Headline,27.653061,D,S,64047.000000
Thu Jul 31 13:15:42 2025,31-Jul-2025,161544,46 44.857400 N,063 11.610800 W,4.9,156.6,A,DoorSpread,DoorMaster,10.845000,D,S,292015.000000
Thu Jul 31 13:15:42 2025,31-Jul-2025,161545,46 44.856100 N,063 11.610000 W,4.9,156.7,A,DoorSpread,DoorMaster,10.845000,D,S,292015.000000
Thu Jul 31 13:15:44 2025,31-Jul-2025,161546,46 44.854900 N,063 11.609300 W,4.9,156.8,A,Depth,Depth,24.722222,D,S,46695.000000
Thu Jul 31 13:15:44 2025,31-Jul-2025,161547,46 44.853800 N,063 11.608500 W,4.8,156.6,A,Depth,Depth,24.722222,D,S,46695.000000
Thu Jul 31 13:15:44 2025,31-Jul-2025,161548,46 44.852600 N,063 11.607800 W,4.8,156.6,A,Depth,Depth,24.722222,D,S,46695.000000
Thu Jul 31 13:15:47 2025,31-Jul-2025,161549,46 44.851300 N,063 11.607000 W,4.9,157.0,A,Primary,Headline,28.081633,D,S,75832.000000
Thu Jul 31 13:15:47 2025,31-Jul-2025,161550,46 44.850100 N,063 11.606300 W,4.9,157.3,A,Primary,Headline,28.081633,D,S,75832.000000
Thu Jul 31 13:15:47 2025,31-Jul-2025,161551,46 44.848700 N,063 11.605500 W,4.9,157.5,A,Primary,Headline,28.081633,D,S,75832.000000
Thu Jul 31 13:15:47 2025,31-Jul-2025,161552,46 44.847300 N,063 11.604800 W,4.9,157.8,A,Primary,Headline,28.081633,D,S,75832.000000
Thu Jul 31 13:15:51 2025,31-Jul-2025,161553,46 44.845900 N,063 11.604200 W,5.0,158.1,A,Depth,Depth,31.203704,D,S,56488.000000
Thu Jul 31 13:15:52 2025,31-Jul-2025,161554,46 44.844700 N,063 11.603500 W,5.0,158.1,A,Primary,Headline,25.102041,D,S,59040.000000
Thu Jul 31 13:15:52 2025,31-Jul-2025,161555,46 44.843400 N,063 11.602900 W,5.0,158.2,A,Primary,Headline,25.102041,D,S,59040.000000
Thu Jul 31 13:15:52 2025,31-Jul-2025,161556,46 44.842100 N,063 11.602400 W,5.0,158.3,A,Primary,Headline,25.102041,D,S,59040.000000
Thu Jul 31 13:15:52 2025,31-Jul-2025,161557,46 44.840800 N,063 11.601700 W,5.0,158.4,A,Primary,Headline,25.102041,D,S,59040.000000
Thu Jul 31 13:15:52 2025,31-Jul-2025,161558,46 44.839600 N,063 11.600900 W,5.0,158.4,A,Primary,Headline,25.102041,D,S,59040.000000
Thu Jul 31 13:15:52 2025,31-Jul-2025,161559,46 44.838400 N,063 11.600200 W,5.0,158.4,A,Primary,Headline,25.102041,D,S,59040.000000
Thu Jul 31 13:15:58 2025,31-Jul-2025,161600,46 44.837100 N,063 11.599400 W,5.0,158.4,A,FishCount,Headline,6.367347,D,P,65614.000000
Thu Jul 31 13:15:58 2025,31-Jul-2025,161601,46 44.835800 N,063 11.598500 W,5.0,158.4,A,Depth,Depth,32.222222,D,S,38216.000000
Thu Jul 31 13:15:58 2025,31-Jul-2025,161602,46 44.834600 N,063 11.597600 W,5.0,158.2,A,Depth,Depth,32.222222,D,S,38216.000000
Thu Jul 31 13:15:58 2025,31-Jul-2025,161603,46 44.833400 N,063 11.596700 W,5.0,158.1,A,Depth,Depth,32.222222,D,S,38216.000000
Thu Jul 31 13:15:58 2025,31-Jul-2025,161604,46 44.832200 N,063 11.595900 W,4.9,158.0,A,Depth,Depth,32.222222,D,S,38216.000000
Thu Jul 31 13:16:03 2025,31-Jul-2025,161605,46 44.831000 N,063 11.595100 W,4.9,157.9,A,Primary,Headline,24.653061,D,S,43285.000000
Thu Jul 31 13:16:03 2025,31-Jul-2025,161606,46 44.829700 N,063 11.594200 W,4.9,157.8,A,Primary,Headline,24.653061,D,S,43285.000000
Thu Jul 31 13:16:03 2025,31-Jul-2025,161607,46 44.828400 N,063 11.593400 W,4.9,157.8,A,Primary,Headline,24.653061,D,S,43285.000000
Thu Jul 31 13:16:06 2025,31-Jul-2025,161608,46 44.827000 N,063 11.592700 W,5.0,157.8,A,Depth,Depth,30.462963,D,S,35567.000000
Thu Jul 31 13:16:06 2025,31-Jul-2025,161609,46 44.825700 N,063 11.592000 W,5.0,157.8,A,Depth,Depth,30.462963,D,S,35567.000000
Thu Jul 31 13:16:06 2025,31-Jul-2025,161610,46 44.824400 N,063 11.591300 W,5.0,158.0,A,Depth,Depth,30.462963,D,S,35567.000000
Thu Jul 31 13:16:09 2025,31-Jul-2025,161611,46 44.823200 N,063 11.590800 W,5.0,158.1,A,DoorSpread,DoorMaster,22.060000,D,S,216390.000000
Thu Jul 31 13:16:09 2025,31-Jul-2025,161612,46 44.821900 N,063 11.590100 W,4.9,158.2,A,DoorSpread,DoorMaster,22.060000,D,S,216390.000000
Thu Jul 31 13:16:09 2025,31-Jul-2025,161613,46 44.820500 N,063 11.589500 W,5.0,158.3,A,DoorSpread,DoorMaster,22.060000,D,S,216390.000000
Thu Jul 31 13:16:09 2025,31-Jul-2025,161614,46 44.819200 N,063 11.588900 W,5.0,158.6,A,DoorSpread,DoorMaster,22.060000,D,S,216390.000000
Thu Jul 31 13:16:13 2025,31-Jul-2025,161615,46 44.817900 N,063 11.588300 W,5.0,158.8,A,Depth,Depth,31.388889,D,S,34922.000000
Thu Jul 31 13:16:14 2025,31-Jul-2025,161616,46 44.816600 N,063 11.587700 W,5.0,158.9,A,Primary,Headline,19.857143,D,S,66922.000000
Thu Jul 31 13:16:15 2025,31-Jul-2025,161617,46 44.815300 N,063 11.587100 W,4.9,159.0,A,DoorSpread,DoorMaster,6.200000,D,S,189446.000000
Thu Jul 31 13:16:15 2025,31-Jul-2025,161618,46 44.814100 N,063 11.586500 W,4.9,158.9,A,DoorSpread,DoorMaster,6.200000,D,S,189446.000000
Thu Jul 31 13:16:15 2025,31-Jul-2025,161619,46 44.812800 N,063 11.585900 W,4.9,159.0,A,DoorSpread,DoorMaster,6.200000,D,S,189446.000000
Thu Jul 31 13:16:15 2025,31-Jul-2025,161620,46 44.811500 N,063 11.585200 W,4.9,159.0,A,DoorSpread,DoorMaster,6.200000,D,S,189446.000000
Thu Jul 31 13:16:19 2025,31-Jul-2025,161621,46 44.810300 N,063 11.584500 W,4.9,159.2,A,Primary,Headline,21.938776,D,S,62478.000000
Thu Jul 31 13:16:20 2025,31-Jul-2025,161622,46 44.809100 N,063 11.583900 W,4.9,159.3,A,DoorSpread,DoorMaster,6.365000,D,P,147310.000000
Thu Jul 31 13:16:21 2025,31-Jul-2025,161623,46 44.807900 N,063 11.583200 W,4.9,159.4,A,DoorSpread,DoorMaster,6.345000,D,S,236204.000000
Thu Jul 31 13:16:21 2025,31-Jul-2025,161624,46 44.806700 N,063 11.582500 W,4.9,159.4,A,DoorSpread,DoorMaster,6.345000,D,S,236204.000000
Thu Jul 31 13:16:21 2025,31-Jul-2025,161625,46 44.805400 N,063 11.581800 W,4.9,159.5,A,DoorSpread,DoorMaster,6.345000,D,S,236204.000000
Thu Jul 31 13:16:25 2025,31-Jul-2025,161626,46 44.804200 N,063 11.581100 W,4.9,159.6,A,Primary,Headline,16.408163,D,S,118619.000000
Thu Jul 31 13:16:25 2025,31-Jul-2025,161627,46 44.803000 N,063 11.580400 W,4.9,159.7,A,Primary,Headline,16.408163,D,S,118619.000000
Thu Jul 31 13:16:26 2025,31-Jul-2025,161628,46 44.801700 N,063 11.579600 W,4.9,159.7,A,DoorSpread,DoorMaster,5.615000,D,P,140851.000000
Thu Jul 31 13:16:27 2025,31-Jul-2025,161629,46 44.800400 N,063 11.578900 W,4.9,159.7,A,Depth,Depth,30.925926,D,S,82860.000000
Thu Jul 31 13:16:27 2025,31-Jul-2025,161630,46 44.799100 N,063 11.578200 W,4.8,159.7,A,Depth,Depth,30.925926,D,S,82860.000000
Thu Jul 31 13:16:29 2025,31-Jul-2025,161631,46 44.798000 N,063 11.577500 W,4.7,159.7,A,Primary,Headline,0.775510,D,S,4055.000000
Thu Jul 31 13:16:30 2025,31-Jul-2025,161632,46 44.797000 N,063 11.576800 W,4.6,159.8,A,Primary,Headline,16.877551,D,P,109573.000000
Thu Jul 31 13:16:30 2025,31-Jul-2025,161633,46 44.796000 N,063 11.576100 W,4.5,159.9,A,Primary,Headline,16.877551,D,P,109573.000000
Thu Jul 31 13:16:32 2025,31-Jul-2025,161634,46 44.795000 N,063 11.575600 W,4.3,159.9,A,DoorSpread,DoorMaster,5.500000,D,P,59856.000000
Thu Jul 31 13:16:32 2025,31-Jul-2025,161635,46 44.794100 N,063 11.575100 W,4.2,159.9,A,DoorSpread,DoorMaster,5.500000,D,P,59856.000000
Thu Jul 31 13:16:34 2025,31-Jul-2025,161636,46 44.793200 N,063 11.574500 W,4.1,160.0,A,Depth,Depth,39.629630,D,P,98813.000000
Thu Jul 31 13:16:35 2025,31-Jul-2025,161637,46 44.792400 N,063 11.574100 W,3.9,160.0,A,Primary,Headline,31.673469,D,S,87956.000000
Thu Jul 31 13:16:35 2025,31-Jul-2025,161638,46 44.791600 N,063 11.573600 W,3.8,160.0,A,Primary,Headline,31.673469,D,S,87956.000000
Thu Jul 31 13:16:37 2025,31-Jul-2025,161639,46 44.790800 N,063 11.573200 W,3.7,160.0,A,DoorSpread,DoorMaster,5.285000,D,P,159995.000000
Thu Jul 31 13:16:37 2025,31-Jul-2025,161640,46 44.790000 N,063 11.572800 W,3.6,160.0,A,DoorSpread,DoorMaster,5.285000,D,P,159995.000000
Thu Jul 31 13:16:37 2025,31-Jul-2025,161641,46 44.789200 N,063 11.572400 W,3.5,159.9,A,DoorSpread,DoorMaster,5.285000,D,P,159995.000000
Thu Jul 31 13:16:40 2025,31-Jul-2025,161642,46 44.788500 N,063 11.572200 W,3.3,159.9,A,Primary,Headline,13.612245,D,P,192332.000000
Thu Jul 31 13:16:41 2025,31-Jul-2025,161643,46 44.787700 N,063 11.572000 W,3.3,160.0,A,Depth,Depth,39.629630,D,P,142208.000000
Thu Jul 31 13:16:41 2025,31-Jul-2025,161644,46 44.786900 N,063 11.571800 W,3.2,160.2,A,Depth,Depth,39.629630,D,P,142208.000000
Thu Jul 31 13:16:41 2025,31-Jul-2025,161645,46 44.786200 N,063 11.571500 W,3.1,160.1,A,Depth,Depth,39.629630,D,P,142208.000000
Thu Jul 31 13:16:41 2025,31-Jul-2025,161646,46 44.785500 N,063 11.571200 W,3.0,160.3,A,Depth,Depth,39.629630,D,P,142208.000000
Thu Jul 31 13:16:41 2025,31-Jul-2025,161647,46 44.784800 N,063 11.571000 W,3.0,160.6,A,Depth,Depth,39.629630,D,P,142208.000000
Thu Jul 31 13:16:46 2025,31-Jul-2025,161648,46 44.784000 N,063 11.570800 W,2.9,160.8,A,Primary,Headline,12.857143,D,S,110848.000000
Thu Jul 31 13:16:46 2025,31-Jul-2025,161649,46 44.783300 N,063 11.570500 W,2.9,160.8,A,Primary,Headline,12.857143,D,S,110848.000000
Thu Jul 31 13:16:46 2025,31-Jul-2025,161650,46 44.782700 N,063 11.570100 W,2.7,160.9,A,Primary,Headline,12.857143,D,S,110848.000000
Thu Jul 31 13:16:48 2025,31-Jul-2025,161651,46 44.782100 N,063 11.569800 W,2.7,161.3,A,Depth,Depth,43.796296,D,P,159359.000000
Thu Jul 31 13:16:48 2025,31-Jul-2025,161652,46 44.781500 N,063 11.569500 W,2.7,161.5,A,Depth,Depth,43.796296,D,P,159359.000000
Thu Jul 31 13:16:51 2025,31-Jul-2025,161653,46 44.780900 N,063 11.569100 W,2.6,161.4,A,Primary,Headline,11.755102,D,S,70913.000000
Thu Jul 31 13:16:51 2025,31-Jul-2025,161654,46 44.780400 N,063 11.568600 W,2.5,161.3,A,Primary,Headline,11.755102,D,S,70913.000000
Thu Jul 31 13:16:51 2025,31-Jul-2025,161655,46 44.779800 N,063 11.568300 W,2.5,161.3,A,Primary,Headline,11.755102,D,S,70913.000000
Thu Jul 31 13:16:51 2025,31-Jul-2025,161656,46 44.779200 N,063 11.568100 W,2.5,161.4,A,Primary,Headline,11.755102,D,S,70913.000000
Thu Jul 31 13:16:51 2025,31-Jul-2025,161657,46 44.778500 N,063 11.567700 W,2.4,161.4,A,Primary,Headline,11.755102,D,S,70913.000000
Thu Jul 31 13:16:56 2025,31-Jul-2025,161658,46 44.777900 N,063 11.567300 W,2.4,161.5,A,Primary,Headline,11.081633,D,S,100031.000000
Thu Jul 31 13:16:56 2025,31-Jul-2025,161659,46 44.777200 N,063 11.567000 W,2.4,161.7,A,Primary,Headline,11.081633,D,S,100031.000000
Thu Jul 31 13:16:58 2025,31-Jul-2025,161700,46 44.776500 N,063 11.566600 W,2.4,162.1,A,DoorSpread,DoorMaster,0.295000,D,P,269716.000000
Thu Jul 31 13:16:58 2025,31-Jul-2025,161701,46 44.775700 N,063 11.566200 W,2.4,162.1,A,DoorSpread,DoorMaster,0.295000,D,P,269716.000000
Thu Jul 31 13:16:58 2025,31-Jul-2025,161702,46 44.775100 N,063 11.565800 W,2.3,162.1,A,DoorSpread,DoorMaster,0.295000,D,P,269716.000000
Thu Jul 31 13:17:01 2025,31-Jul-2025,161703,46 44.774500 N,063 11.565500 W,2.4,162.3,A,Primary,Headline,9.448980,D,P,204583.000000
Thu Jul 31 13:17:01 2025,31-Jul-2025,161704,46 44.773800 N,063 11.565200 W,2.4,162.8,A,Primary,Headline,9.448980,D,P,204583.000000
Thu Jul 31 13:17:03 2025,31-Jul-2025,161705,46 44.773100 N,063 11.565000 W,2.4,163.1,A,DoorSpread,DoorMaster,5.770000,D,P,202159.000000
Thu Jul 31 13:17:03 2025,31-Jul-2025,161706,46 44.772500 N,063 11.564800 W,2.4,163.2,A,DoorSpread,DoorMaster,5.770000,D,P,202159.000000
Thu Jul 31 13:17:03 2025,31-Jul-2025,161707,46 44.772000 N,063 11.564600 W,2.3,163.4,A,DoorSpread,DoorMaster,5.770000,D,P,202159.000000
Thu Jul 31 13:17:06 2025,31-Jul-2025,161708,46 44.771500 N,063 11.564400 W,2.3,163.5,A,Primary,Headline,7.979592,D,P,167583.000000
Thu Jul 31 13:17:06 2025,31-Jul-2025,161709,46 44.770900 N,063 11.564200 W,2.3,163.4,A,Primary,Headline,7.979592,D,P,167583.000000
Thu Jul 31 13:17:06 2025,31-Jul-2025,161710,46 44.770300 N,063 11.564000 W,2.3,163.2,A,Primary,Headline,7.979592,D,P,167583.000000
Thu Jul 31 13:17:09 2025,31-Jul-2025,161711,46 44.769900 N,063 11.563700 W,2.3,163.1,A,DoorSpread,DoorMaster,7.940000,D,S,433246.000000
Thu Jul 31 13:17:10 2025,31-Jul-2025,161712,46 44.769200 N,063 11.563400 W,2.3,163.0,A,Depth,Depth,45.648148,D,P,176013.000000
Thu Jul 31 13:17:11 2025,31-Jul-2025,161713,46 44.768500 N,063 11.563000 W,2.3,162.9,A,Primary,Headline,6.591837,D,P,189258.000000
Thu Jul 31 13:17:11 2025,31-Jul-2025,161714,46 44.767900 N,063 11.562700 W,2.3,162.7,A,Primary,Headline,6.591837,D,P,189258.000000
Thu Jul 31 13:17:11 2025,31-Jul-2025,161715,46 44.767200 N,063 11.562500 W,2.3,162.5,A,Primary,Headline,6.591837,D,P,189258.000000
Thu Jul 31 13:17:14 2025,31-Jul-2025,161716,46 44.766600 N,063 11.562200 W,2.3,162.2,A,DoorSpread,DoorMaster,5.315000,D,S,429079.000000
Thu Jul 31 13:17:14 2025,31-Jul-2025,161717,46 44.766000 N,063 11.561800 W,2.2,161.9,A,DoorSpread,DoorMaster,5.315000,D,S,429079.000000
Thu Jul 31 13:17:16 2025,31-Jul-2025,161718,46 44.765500 N,063 11.561500 W,2.2,161.8,A,Primary,Headline,5.183673,D,P,134473.000000
Thu Jul 31 13:17:17 2025,31-Jul-2025,161719,46 44.764900 N,063 11.561200 W,2.3,161.7,A,Depth,Depth,48.981481,D,P,138202.000000
Thu Jul 31 13:17:17 2025,31-Jul-2025,161720,46 44.764300 N,063 11.560900 W,2.3,161.7,A,Depth,Depth,48.981481,D,P,138202.000000
Thu Jul 31 13:17:17 2025,31-Jul-2025,161721,46 44.763800 N,063 11.560500 W,2.3,161.7,A,Depth,Depth,48.981481,D,P,138202.000000
Thu Jul 31 13:17:20 2025,31-Jul-2025,161722,46 44.763300 N,063 11.560100 W,2.2,161.6,A,DoorSpread,DoorMaster,5.485000,D,P,491374.000000
Thu Jul 31 13:17:20 2025,31-Jul-2025,161723,46 44.762800 N,063 11.559800 W,2.2,161.5,A,DoorSpread,DoorMaster,5.485000,D,P,491374.000000
Thu Jul 31 13:17:21 2025,31-Jul-2025,161724,46 44.762300 N,063 11.559400 W,2.2,161.4,A,Primary,Headline,3.346939,D,P,210982.000000
Thu Jul 31 13:17:21 2025,31-Jul-2025,161725,46 44.761800 N,063 11.559000 W,2.3,161.6,A,Primary,Headline,3.346939,D,P,210982.000000
Thu Jul 31 13:17:24 2025,31-Jul-2025,161726,46 44.761300 N,063 11.558600 W,2.2,161.5,A,Depth,Depth,51.759259,D,S,139774.000000
Thu Jul 31 13:17:26 2025,31-Jul-2025,161727,46 44.760800 N,063 11.558200 W,2.3,161.5,A,DoorSpread,DoorMaster,5.780000,D,P,275759.000000
Thu Jul 31 13:17:27 2025,31-Jul-2025,161728,46 44.760200 N,063 11.557800 W,2.2,161.5,A,Primary,Headline,2.673469,D,S,121615.000000
Thu Jul 31 13:17:27 2025,31-Jul-2025,161729,46 44.759700 N,063 11.557400 W,2.3,161.4,A,Primary,Headline,2.673469,D,S,121615.000000
Thu Jul 31 13:17:27 2025,31-Jul-2025,161730,46 44.759100 N,063 11.557100 W,2.3,161.5,A,Primary,Headline,2.673469,D,S,121615.000000
Thu Jul 31 13:17:27 2025,31-Jul-2025,161731,46 44.758600 N,063 11.556900 W,2.3,161.7,A,Primary,Headline,2.673469,D,S,121615.000000
Thu Jul 31 13:17:27 2025,31-Jul-2025,161732,46 44.758000 N,063 11.556500 W,2.3,161.8,A,Primary,Headline,2.673469,D,S,121615.000000
Thu Jul 31 13:17:31 2025,31-Jul-2025,161733,46 44.757500 N,063 11.556200 W,2.3,161.8,A,DoorSpread,DoorMaster,6.140000,D,P,411651.000000
Thu Jul 31 13:17:32 2025,31-Jul-2025,161734,46 44.757000 N,063 11.555900 W,2.3,161.8,A,Primary,Headline,2.244898,D,S,101119.000000
Thu Jul 31 13:17:32 2025,31-Jul-2025,161735,46 44.756400 N,063 11.555500 W,2.3,161.9,A,Primary,Headline,2.244898,D,S,101119.000000
Thu Jul 31 13:17:32 2025,31-Jul-2025,161736,46 44.755900 N,063 11.555200 W,2.2,161.9,A,Primary,Headline,2.244898,D,S,101119.000000
Thu Jul 31 13:17:32 2025,31-Jul-2025,161737,46 44.755300 N,063 11.555000 W,2.2,162.0,A,Primary,Headline,2.244898,D,S,101119.000000
Thu Jul 31 13:17:32 2025,31-Jul-2025,161738,46 44.754800 N,063 11.554800 W,2.2,162.0,A,Primary,Headline,2.244898,D,S,101119.000000
Thu Jul 31 13:17:37 2025,31-Jul-2025,161739,46 44.754300 N,063 11.554700 W,2.2,162.0,A,DoorSpread,DoorMaster,13.290000,D,S,49503.000000
Thu Jul 31 13:17:37 2025,31-Jul-2025,161740,46 44.753700 N,063 11.554400 W,2.2,162.2,A,DoorSpread,DoorMaster,13.290000,D,S,49503.000000
Thu Jul 31 13:17:37 2025,31-Jul-2025,161741,46 44.753100 N,063 11.554200 W,2.2,162.3,A,DoorSpread,DoorMaster,13.290000,D,S,49503.000000
Thu Jul 31 13:17:37 2025,31-Jul-2025,161742,46 44.752600 N,063 11.554000 W,2.1,162.4,A,DoorSpread,DoorMaster,13.290000,D,S,49503.000000
Thu Jul 31 13:17:41 2025,31-Jul-2025,161743,46 44.752100 N,063 11.553700 W,2.1,162.5,A,Primary,Headline,0.387755,D,P,115476.000000
Thu Jul 31 13:17:42 2025,31-Jul-2025,161744,46 44.751500 N,063 11.553500 W,2.1,162.6,A,DoorSpread,DoorMaster,6.920000,D,P,297446.000000
Thu Jul 31 13:17:42 2025,31-Jul-2025,161745,46 44.750900 N,063 11.553300 W,2.1,162.8,A,DoorSpread,DoorMaster,6.920000,D,P,297446.000000
Thu Jul 31 13:17:42 2025,31-Jul-2025,161746,46 44.750400 N,063 11.553200 W,2.0,162.9,A,DoorSpread,DoorMaster,6.920000,D,P,297446.000000
Thu Jul 31 13:17:42 2025,31-Jul-2025,161747,46 44.749900 N,063 11.553000 W,2.0,163.0,A,DoorSpread,DoorMaster,6.920000,D,P,297446.000000
Thu Jul 31 13:17:46 2025,31-Jul-2025,161748,46 44.749200 N,063 11.552700 W,2.0,163.0,A,Depth,Depth,52.314815,D,P,163675.000000
Thu Jul 31 13:17:47 2025,31-Jul-2025,161749,46 44.748600 N,063 11.552600 W,2.0,163.2,A,Primary,Headline,1.551020,D,P,216628.000000
Thu Jul 31 13:17:48 2025,31-Jul-2025,161750,46 44.747900 N,063 11.552400 W,2.0,163.7,A,DoorSpread,DoorMaster,6.685000,D,S,41477.000000
Thu Jul 31 13:17:48 2025,31-Jul-2025,161751,46 44.747300 N,063 11.552200 W,2.0,164.0,A,DoorSpread,DoorMaster,6.685000,D,S,41477.000000
Thu Jul 31 13:17:48 2025,31-Jul-2025,161752,46 44.746800 N,063 11.551900 W,2.0,164.2,A,DoorSpread,DoorMaster,6.685000,D,S,41477.000000
Thu Jul 31 13:17:48 2025,31-Jul-2025,161753,46 44.746300 N,063 11.551800 W,2.0,164.4,A,DoorSpread,DoorMaster,6.685000,D,S,41477.000000
Thu Jul 31 13:17:52 2025,31-Jul-2025,161754,46 44.745700 N,063 11.551700 W,2.0,164.6,A,Primary,Headline,1.734694,D,S,199513.000000
Thu Jul 31 13:17:54 2025,31-Jul-2025,161755,46 44.745200 N,063 11.551700 W,2.0,164.9,A,DoorSpread,DoorMaster,6.710000,D,P,98615.000000
Thu Jul 31 13:17:54 2025,31-Jul-2025,161756,46 44.744600 N,063 11.551600 W,2.0,164.9,A,DoorSpread,DoorMaster,6.710000,D,P,98615.000000
Thu Jul 31 13:17:54 2025,31-Jul-2025,161757,46 44.744100 N,063 11.551500 W,2.0,164.8,A,DoorSpread,DoorMaster,6.710000,D,P,98615.000000
Thu Jul 31 13:17:54 2025,31-Jul-2025,161758,46 44.743600 N,063 11.551400 W,2.1,164.7,A,DoorSpread,DoorMaster,6.710000,D,P,98615.000000
Thu Jul 31 13:17:57 2025,31-Jul-2025,161759,46 44.743000 N,063 11.551300 W,2.1,164.8,A,Primary,Headline,1.897959,D,P,111359.000000
Thu Jul 31 13:17:57 2025,31-Jul-2025,161800,46 44.742500 N,063 11.551100 W,2.1,164.7,A,Primary,Headline,1.897959,D,P,111359.000000
Thu Jul 31 13:17:59 2025,31-Jul-2025,161801,46 44.742000 N,063 11.551000 W,2.2,164.6,A,DoorSpread,DoorMaster,6.845000,D,P,92486.000000
Thu Jul 31 13:17:59 2025,31-Jul-2025,161802,46 44.741500 N,063 11.550700 W,2.2,164.3,A,DoorSpread,DoorMaster,6.845000,D,P,92486.000000
Thu Jul 31 13:17:59 2025,31-Jul-2025,161803,46 44.740900 N,063 11.550400 W,2.2,164.2,A,DoorSpread,DoorMaster,6.845000,D,P,92486.000000
Thu Jul 31 13:18:03 2025,31-Jul-2025,161804,46 44.740300 N,063 11.550200 W,2.2,164.1,A,Primary,Headline,54.040816,D,S,68376.000000
Thu Jul 31 13:18:03 2025,31-Jul-2025,161805,46 44.739700 N,063 11.550000 W,2.3,164.3,A,Primary,Headline,54.040816,D,S,68376.000000
Thu Jul 31 13:18:03 2025,31-Jul-2025,161806,46 44.739100 N,063 11.549800 W,2.3,164.3,A,Primary,Headline,54.040816,D,S,68376.000000
Thu Jul 31 13:18:05 2025,31-Jul-2025,161807,46 44.738400 N,063 11.549600 W,2.3,164.2,A,DoorSpread,DoorMaster,6.735000,D,P,56595.000000
Thu Jul 31 13:18:05 2025,31-Jul-2025,161808,46 44.737900 N,063 11.549400 W,2.3,164.1,A,DoorSpread,DoorMaster,6.735000,D,P,56595.000000
Thu Jul 31 13:18:05 2025,31-Jul-2025,161809,46 44.737300 N,063 11.549300 W,2.3,164.1,A,DoorSpread,DoorMaster,6.735000,D,P,56595.000000
Thu Jul 31 13:18:05 2025,31-Jul-2025,161810,46 44.736700 N,063 11.549000 W,2.3,164.0,A,DoorSpread,DoorMaster,6.735000,D,P,56595.000000
Thu Jul 31 13:18:05 2025,31-Jul-2025,161811,46 44.736200 N,063 11.548700 W,2.3,163.9,A,DoorSpread,DoorMaster,6.735000,D,P,56595.000000
Thu Jul 31 13:18:10 2025,31-Jul-2025,161812,46 44.735600 N,063 11.548500 W,2.3,163.8,A,DoorSpread,DoorMaster,7.125000,D,P,267472.000000
Thu Jul 31 13:18:10 2025,31-Jul-2025,161813,46 44.735100 N,063 11.548300 W,2.3,163.9,A,DoorSpread,DoorMaster,7.125000,D,P,267472.000000
Thu Jul 31 13:18:10 2025,31-Jul-2025,161814,46 44.734600 N,063 11.548100 W,2.3,164.0,A,DoorSpread,DoorMaster,7.125000,D,P,267472.000000
Thu Jul 31 13:18:10 2025,31-Jul-2025,161815,46 44.734000 N,063 11.547800 W,2.3,163.9,A,DoorSpread,DoorMaster,7.125000,D,P,267472.000000
Thu Jul 31 13:18:10 2025,31-Jul-2025,161816,46 44.733300 N,063 11.547500 W,2.3,163.9,A,DoorSpread,DoorMaster,7.125000,D,P,267472.000000
Thu Jul 31 13:18:10 2025,31-Jul-2025,161817,46 44.732700 N,063 11.547400 W,2.3,163.9,A,DoorSpread,DoorMaster,7.125000,D,P,267472.000000
Thu Jul 31 13:18:16 2025,31-Jul-2025,161818,46 44.731900 N,063 11.547100 W,2.3,164.0,A,DoorSpread,DoorMaster,7.470000,D,P,272755.000000
Thu Jul 31 13:18:16 2025,31-Jul-2025,161819,46 44.731200 N,063 11.546800 W,2.4,164.1,A,DoorSpread,DoorMaster,7.470000,D,P,272755.000000
Thu Jul 31 13:18:16 2025,31-Jul-2025,161820,46 44.730700 N,063 11.546600 W,2.3,164.2,A,DoorSpread,DoorMaster,7.470000,D,P,272755.000000
Thu Jul 31 13:18:16 2025,31-Jul-2025,161821,46 44.730100 N,063 11.546300 W,2.3,164.2,A,DoorSpread,DoorMaster,7.470000,D,P,272755.000000
Thu Jul 31 13:18:20 2025,31-Jul-2025,161822,46 44.729500 N,063 11.546100 W,2.3,164.3,A,Primary,Headline,37.591837,D,S,20449.000000
Thu Jul 31 13:18:21 2025,31-Jul-2025,161823,46 44.728900 N,063 11.545900 W,2.3,164.3,A,Secondary,Headline,1.489796,D,P,45644.000000
Thu Jul 31 13:18:22 2025,31-Jul-2025,161824,46 44.728400 N,063 11.545700 W,2.2,164.3,A,DoorSpread,DoorMaster,8.765000,D,S,336798.000000
Thu Jul 31 13:18:22 2025,31-Jul-2025,161825,46 44.727900 N,063 11.545700 W,2.2,164.4,A,DoorSpread,DoorMaster,8.765000,D,S,336798.000000
Thu Jul 31 13:18:22 2025,31-Jul-2025,161826,46 44.727400 N,063 11.545500 W,2.1,164.4,A,DoorSpread,DoorMaster,8.765000,D,S,336798.000000
Thu Jul 31 13:18:22 2025,31-Jul-2025,161827,46 44.726800 N,063 11.545300 W,2.1,164.5,A,DoorSpread,DoorMaster,8.765000,D,S,336798.000000
Thu Jul 31 13:18:22 2025,31-Jul-2025,161828,46 44.726200 N,063 11.545000 W,2.1,164.6,A,DoorSpread,DoorMaster,8.765000,D,S,336798.000000
Thu Jul 31 13:18:27 2025,31-Jul-2025,161829,46 44.725600 N,063 11.544600 W,2.1,164.6,A,DoorSpread,DoorMaster,8.500000,D,S,188620.000000
Thu Jul 31 13:18:28 2025,31-Jul-2025,161830,46 44.725100 N,063 11.544300 W,2.0,164.8,A,Secondary,Headline,36.653061,D,P,32917.000000
Thu Jul 31 13:18:28 2025,31-Jul-2025,161831,46 44.724400 N,063 11.544000 W,2.1,165.0,A,Secondary,Headline,36.653061,D,P,32917.000000
Thu Jul 31 13:18:28 2025,31-Jul-2025,161832,46 44.723800 N,063 11.543600 W,2.0,165.1,A,Secondary,Headline,36.653061,D,P,32917.000000
Thu Jul 31 13:18:28 2025,31-Jul-2025,161833,46 44.723300 N,063 11.543400 W,2.0,165.1,A,Secondary,Headline,36.653061,D,P,32917.000000
Thu Jul 31 13:18:28 2025,31-Jul-2025,161834,46 44.722800 N,063 11.543100 W,2.0,165.3,A,Secondary,Headline,36.653061,D,P,32917.000000
Thu Jul 31 13:18:33 2025,31-Jul-2025,161835,46 44.722200 N,063 11.542900 W,2.0,165.3,A,DoorSpread,DoorMaster,7.910000,D,P,94351.000000
Thu Jul 31 13:18:33 2025,31-Jul-2025,161836,46 44.721600 N,063 11.542700 W,2.0,165.3,A,DoorSpread,DoorMaster,7.910000,D,P,94351.000000
Thu Jul 31 13:18:33 2025,31-Jul-2025,161837,46 44.721100 N,063 11.542500 W,2.0,165.3,A,DoorSpread,DoorMaster,7.910000,D,P,94351.000000
Thu Jul 31 13:18:33 2025,31-Jul-2025,161838,46 44.720600 N,063 11.542400 W,2.0,165.5,A,DoorSpread,DoorMaster,7.910000,D,P,94351.000000
Thu Jul 31 13:18:33 2025,31-Jul-2025,161839,46 44.720000 N,063 11.542200 W,2.1,165.5,A,DoorSpread,DoorMaster,7.910000,D,P,94351.000000
Thu Jul 31 13:18:33 2025,31-Jul-2025,161840,46 44.719500 N,063 11.542100 W,2.0,165.5,A,DoorSpread,DoorMaster,7.910000,D,P,94351.000000
Thu Jul 31 13:18:39 2025,31-Jul-2025,161841,46 44.719100 N,063 11.541900 W,2.0,165.5,A,DoorSpread,DoorMaster,7.885000,D,S,196000.000000
Thu Jul 31 13:18:39 2025,31-Jul-2025,161842,46 44.718600 N,063 11.541800 W,2.0,165.5,A,DoorSpread,DoorMaster,7.885000,D,S,196000.000000
Thu Jul 31 13:18:39 2025,31-Jul-2025,161843,46 44.718200 N,063 11.541500 W,2.1,165.5,A,DoorSpread,DoorMaster,7.885000,D,S,196000.000000
Thu Jul 31 13:18:39 2025,31-Jul-2025,161844,46 44.717700 N,063 11.541300 W,2.0,165.6,A,DoorSpread,DoorMaster,7.885000,D,S,196000.000000
Thu Jul 31 13:18:39 2025,31-Jul-2025,161845,46 44.717300 N,063 11.541000 W,2.0,165.7,A,DoorSpread,DoorMaster,7.885000,D,S,196000.000000
Thu Jul 31 13:18:39 2025,31-Jul-2025,161846,46 44.716800 N,063 11.540700 W,2.1,165.6,A,DoorSpread,DoorMaster,7.885000,D,S,196000.000000
Thu Jul 31 13:18:45 2025,31-Jul-2025,161847,46 44.716200 N,063 11.540200 W,2.1,165.6,A,DoorSpread,DoorMaster,8.505000,D,P,145282.000000
Thu Jul 31 13:18:45 2025,31-Jul-2025,161848,46 44.715600 N,063 11.539800 W,2.0,165.6,A,DoorSpread,DoorMaster,8.505000,D,P,145282.000000
Thu Jul 31 13:18:45 2025,31-Jul-2025,161849,46 44.715000 N,063 11.539600 W,2.0,165.6,A,DoorSpread,DoorMaster,8.505000,D,P,145282.000000
Thu Jul 31 13:18:45 2025,31-Jul-2025,161850,46 44.714300 N,063 11.539400 W,2.0,165.6,A,DoorSpread,DoorMaster,8.505000,D,P,145282.000000
Thu Jul 31 13:18:45 2025,31-Jul-2025,161851,46 44.713700 N,063 11.539200 W,2.1,165.6,A,DoorSpread,DoorMaster,8.505000,D,P,145282.000000
Thu Jul 31 13:18:50 2025,31-Jul-2025,161852,46 44.713200 N,063 11.539000 W,2.0,165.5,A,DoorSpread,DoorMaster,8.075000,D,S,307951.000000
Thu Jul 31 13:18:50 2025,31-Jul-2025,161853,46 44.712600 N,063 11.538800 W,2.0,165.5,A,DoorSpread,DoorMaster,8.075000,D,S,307951.000000
Thu Jul 31 13:18:50 2025,31-Jul-2025,161854,46 44.712100 N,063 11.538500 W,2.1,165.6,A,DoorSpread,DoorMaster,8.075000,D,S,307951.000000
Thu Jul 31 13:18:50 2025,31-Jul-2025,161855,46 44.711500 N,063 11.538300 W,2.1,165.7,A,DoorSpread,DoorMaster,8.075000,D,S,307951.000000
Thu Jul 31 13:18:50 2025,31-Jul-2025,161856,46 44.711000 N,063 11.537900 W,2.0,165.8,A,DoorSpread,DoorMaster,8.075000,D,S,307951.000000
Thu Jul 31 13:18:50 2025,31-Jul-2025,161857,46 44.710400 N,063 11.537700 W,2.1,165.8,A,DoorSpread,DoorMaster,8.075000,D,S,307951.000000
Thu Jul 31 13:18:50 2025,31-Jul-2025,161858,46 44.709800 N,063 11.537400 W,2.1,165.8,A,DoorSpread,DoorMaster,8.075000,D,S,307951.000000
Thu Jul 31 13:18:50 2025,31-Jul-2025,161859,46 44.709200 N,063 11.537100 W,2.1,166.0,A,DoorSpread,DoorMaster,8.075000,D,S,307951.000000
Thu Jul 31 13:18:50 2025,31-Jul-2025,161900,46 44.708600 N,063 11.537000 W,2.1,166.2,A,DoorSpread,DoorMaster,8.075000,D,S,307951.000000
Thu Jul 31 13:18:50 2025,31-Jul-2025,161901,46 44.708100 N,063 11.536800 W,2.1,166.3,A,DoorSpread,DoorMaster,8.075000,D,S,307951.000000
Thu Jul 31 13:18:50 2025,31-Jul-2025,161902,46 44.707500 N,063 11.536700 W,2.1,166.4,A,DoorSpread,DoorMaster,8.075000,D,S,307951.000000
Thu Jul 31 13:19:01 2025,31-Jul-2025,161903,46 44.706800 N,063 11.536600 W,2.2,166.4,A,DoorSpread,DoorMaster,7.640000,D,S,313674.000000
Thu Jul 31 13:19:01 2025,31-Jul-2025,161904,46 44.706200 N,063 11.536500 W,2.2,166.3,A,DoorSpread,DoorMaster,7.640000,D,S,313674.000000
Thu Jul 31 13:19:01 2025,31-Jul-2025,161905,46 44.705700 N,063 11.536300 W,2.2,166.2,A,DoorSpread,DoorMaster,7.640000,D,S,313674.000000
Thu Jul 31 13:19:01 2025,31-Jul-2025,161906,46 44.705200 N,063 11.536300 W,2.2,166.2,A,DoorSpread,DoorMaster,7.640000,D,S,313674.000000
Thu Jul 31 13:19:01 2025,31-Jul-2025,161907,46 44.704600 N,063 11.536200 W,2.2,166.2,A,DoorSpread,DoorMaster,7.640000,D,S,313674.000000
Thu Jul 31 13:19:01 2025,31-Jul-2025,161908,46 44.704100 N,063 11.536000 W,2.2,166.0,A,DoorSpread,DoorMaster,7.640000,D,S,313674.000000
Thu Jul 31 13:19:07 2025,31-Jul-2025,161909,46 44.703600 N,063 11.535900 W,2.2,165.8,A,DoorSpread,DoorMaster,7.660000,D,S,159820.000000
Thu Jul 31 13:19:07 2025,31-Jul-2025,161910,46 44.703000 N,063 11.535700 W,2.2,165.7,A,DoorSpread,DoorMaster,7.660000,D,S,159820.000000
Thu Jul 31 13:19:07 2025,31-Jul-2025,161911,46 44.702400 N,063 11.535600 W,2.3,165.7,A,DoorSpread,DoorMaster,7.660000,D,S,159820.000000
Thu Jul 31 13:19:07 2025,31-Jul-2025,161912,46 44.701800 N,063 11.535500 W,2.3,165.8,A,DoorSpread,DoorMaster,7.660000,D,S,159820.000000
Thu Jul 31 13:19:07 2025,31-Jul-2025,161913,46 44.701200 N,063 11.535200 W,2.3,165.7,A,DoorSpread,DoorMaster,7.660000,D,S,159820.000000
Thu Jul 31 13:19:07 2025,31-Jul-2025,161914,46 44.700600 N,063 11.535000 W,2.3,165.5,A,DoorSpread,DoorMaster,7.660000,D,S,159820.000000
Thu Jul 31 13:19:13 2025,31-Jul-2025,161915,46 44.700100 N,063 11.534700 W,2.3,165.5,A,DoorSpread,DoorMaster,7.845000,D,S,240393.000000
Thu Jul 31 13:19:13 2025,31-Jul-2025,161916,46 44.699600 N,063 11.534300 W,2.3,165.5,A,DoorSpread,DoorMaster,7.845000,D,S,240393.000000
Thu Jul 31 13:19:13 2025,31-Jul-2025,161917,46 44.699100 N,063 11.534000 W,2.2,165.5,A,DoorSpread,DoorMaster,7.845000,D,S,240393.000000
Thu Jul 31 13:19:13 2025,31-Jul-2025,161918,46 44.698600 N,063 11.533700 W,2.2,165.5,A,DoorSpread,DoorMaster,7.845000,D,S,240393.000000
Thu Jul 31 13:19:13 2025,31-Jul-2025,161919,46 44.698000 N,063 11.533400 W,2.2,165.5,A,DoorSpread,DoorMaster,7.845000,D,S,240393.000000
Thu Jul 31 13:19:18 2025,31-Jul-2025,161920,46 44.697400 N,063 11.533200 W,2.2,165.2,A,DoorSpread,DoorMaster,8.505000,D,S,332325.000000
Thu Jul 31 13:19:18 2025,31-Jul-2025,161921,46 44.696800 N,063 11.532900 W,2.2,165.0,A,DoorSpread,DoorMaster,8.505000,D,S,332325.000000
Thu Jul 31 13:19:18 2025,31-Jul-2025,161922,46 44.696200 N,063 11.532700 W,2.2,164.9,A,DoorSpread,DoorMaster,8.505000,D,S,332325.000000
Thu Jul 31 13:19:18 2025,31-Jul-2025,161923,46 44.695500 N,063 11.532600 W,2.2,164.8,A,DoorSpread,DoorMaster,8.505000,D,S,332325.000000
Thu Jul 31 13:19:18 2025,31-Jul-2025,161924,46 44.694900 N,063 11.532400 W,2.2,164.8,A,DoorSpread,DoorMaster,8.505000,D,S,332325.000000
Thu Jul 31 13:19:18 2025,31-Jul-2025,161925,46 44.694300 N,063 11.532200 W,2.1,164.8,A,DoorSpread,DoorMaster,8.505000,D,S,332325.000000
Thu Jul 31 13:19:24 2025,31-Jul-2025,161926,46 44.693700 N,063 11.532000 W,2.1,164.8,A,DoorSpread,DoorMaster,9.640000,D,S,133770.000000
Thu Jul 31 13:19:24 2025,31-Jul-2025,161927,46 44.693100 N,063 11.531900 W,2.1,164.8,A,DoorSpread,DoorMaster,9.640000,D,S,133770.000000
Thu Jul 31 13:19:24 2025,31-Jul-2025,161928,46 44.692500 N,063 11.531800 W,2.1,164.8,A,DoorSpread,DoorMaster,9.640000,D,S,133770.000000
Thu Jul 31 13:19:24 2025,31-Jul-2025,161929,46 44.691900 N,063 11.531500 W,2.1,164.7,A,DoorSpread,DoorMaster,9.640000,D,S,133770.000000
Thu Jul 31 13:19:24 2025,31-Jul-2025,161930,46 44.691400 N,063 11.531300 W,2.0,164.7,A,DoorSpread,DoorMaster,9.640000,D,S,133770.000000
Thu Jul 31 13:19:29 2025,31-Jul-2025,161931,46 44.690800 N,063 11.531200 W,2.0,164.8,A,Primary,Headline,44.489796,D,P,7827.000000
Thu Jul 31 13:19:30 2025,31-Jul-2025,161932,46 44.690300 N,063 11.531100 W,2.0,164.9,A,DoorSpread,DoorMaster,11.625000,D,P,91197.000000
Thu Jul 31 13:19:30 2025,31-Jul-2025,161933,46 44.689900 N,063 11.530900 W,1.9,164.9,A,DoorSpread,DoorMaster,11.625000,D,P,91197.000000
Thu Jul 31 13:19:30 2025,31-Jul-2025,161934,46 44.689400 N,063 11.530700 W,1.9,164.9,A,DoorSpread,DoorMaster,11.625000,D,P,91197.000000
Thu Jul 31 13:19:30 2025,31-Jul-2025,161935,46 44.688900 N,063 11.530400 W,1.9,165.3,A,DoorSpread,DoorMaster,11.625000,D,P,91197.000000
Thu Jul 31 13:19:30 2025,31-Jul-2025,161936,46 44.688400 N,063 11.530200 W,1.9,165.6,A,DoorSpread,DoorMaster,11.625000,D,P,91197.000000
Thu Jul 31 13:19:30 2025,31-Jul-2025,161937,46 44.687900 N,063 11.529900 W,1.9,165.8,A,DoorSpread,DoorMaster,11.625000,D,P,91197.000000
Thu Jul 31 13:19:36 2025,31-Jul-2025,161938,46 44.687400 N,063 11.529700 W,1.9,166.0,A,DoorSpread,DoorMaster,11.450000,D,S,134538.000000
Thu Jul 31 13:19:36 2025,31-Jul-2025,161939,46 44.686900 N,063 11.529500 W,1.9,166.3,A,DoorSpread,DoorMaster,11.450000,D,S,134538.000000
Thu Jul 31 13:19:36 2025,31-Jul-2025,161940,46 44.686300 N,063 11.529400 W,1.9,166.8,A,DoorSpread,DoorMaster,11.450000,D,S,134538.000000
Thu Jul 31 13:19:36 2025,31-Jul-2025,161941,46 44.685700 N,063 11.529300 W,1.9,167.0,A,DoorSpread,DoorMaster,11.450000,D,S,134538.000000
Thu Jul 31 13:19:36 2025,31-Jul-2025,161942,46 44.685100 N,063 11.529300 W,2.0,167.3,A,DoorSpread,DoorMaster,11.450000,D,S,134538.000000
Thu Jul 31 13:19:36 2025,31-Jul-2025,161943,46 44.684400 N,063 11.529200 W,2.0,167.8,A,DoorSpread,DoorMaster,11.450000,D,S,134538.000000
Thu Jul 31 13:19:42 2025,31-Jul-2025,161944,46 44.683800 N,063 11.529100 W,2.0,168.0,A,DoorSpread,DoorMaster,9.585000,D,P,52517.000000
Thu Jul 31 13:19:42 2025,31-Jul-2025,161945,46 44.683300 N,063 11.529100 W,1.9,168.2,A,DoorSpread,DoorMaster,9.585000,D,P,52517.000000
Thu Jul 31 13:19:44 2025,31-Jul-2025,161946,46 44.682800 N,063 11.529100 W,1.9,168.6,A,Primary,Headline,4.510204,D,S,40109.000000
Thu Jul 31 13:19:44 2025,31-Jul-2025,161947,46 44.682200 N,063 11.529000 W,1.9,168.8,A,Primary,Headline,4.510204,D,S,40109.000000
Thu Jul 31 13:19:44 2025,31-Jul-2025,161948,46 44.681700 N,063 11.528900 W,1.9,168.9,A,Primary,Headline,4.510204,D,S,40109.000000
Thu Jul 31 13:19:44 2025,31-Jul-2025,161949,46 44.681200 N,063 11.528800 W,1.9,169.1,A,Primary,Headline,4.510204,D,S,40109.000000
Thu Jul 31 13:19:44 2025,31-Jul-2025,161950,46 44.680700 N,063 11.528600 W,1.9,169.1,A,Primary,Headline,4.510204,D,S,40109.000000
Thu Jul 31 13:19:49 2025,31-Jul-2025,161951,46 44.680200 N,063 11.528500 W,2.0,169.3,A,DoorSpread,DoorMaster,26.650000,D,P,86486.000000
Thu Jul 31 13:19:49 2025,31-Jul-2025,161952,46 44.679600 N,063 11.528300 W,2.0,169.4,A,DoorSpread,DoorMaster,26.650000,D,P,86486.000000
Thu Jul 31 13:19:49 2025,31-Jul-2025,161953,46 44.679100 N,063 11.528100 W,2.0,169.6,A,DoorSpread,DoorMaster,26.650000,D,P,86486.000000
Thu Jul 31 13:19:49 2025,31-Jul-2025,161954,46 44.678400 N,063 11.527900 W,2.1,169.8,A,DoorSpread,DoorMaster,26.650000,D,P,86486.000000
Thu Jul 31 13:19:49 2025,31-Jul-2025,161955,46 44.677700 N,063 11.527600 W,2.1,169.9,A,DoorSpread,DoorMaster,26.650000,D,P,86486.000000
Thu Jul 31 13:19:54 2025,31-Jul-2025,161956,46 44.677200 N,063 11.527200 W,2.0,169.8,A,DoorSpread,DoorMaster,7.715000,D,S,90461.000000
Thu Jul 31 13:19:54 2025,31-Jul-2025,161957,46 44.676700 N,063 11.526900 W,1.9,169.6,A,DoorSpread,DoorMaster,7.715000,D,S,90461.000000
Thu Jul 31 13:19:54 2025,31-Jul-2025,161958,46 44.676100 N,063 11.526700 W,1.9,169.5,A,DoorSpread,DoorMaster,7.715000,D,S,90461.000000
Thu Jul 31 13:19:54 2025,31-Jul-2025,161959,46 44.675700 N,063 11.526500 W,1.9,169.3,A,DoorSpread,DoorMaster,7.715000,D,S,90461.000000
Thu Jul 31 13:19:54 2025,31-Jul-2025,162000,46 44.675200 N,063 11.526300 W,1.8,169.2,A,DoorSpread,DoorMaster,7.715000,D,S,90461.000000
Thu Jul 31 13:19:54 2025,31-Jul-2025,162001,46 44.674800 N,063 11.526200 W,1.7,169.2,A,DoorSpread,DoorMaster,7.715000,D,S,90461.000000
Thu Jul 31 13:19:54 2025,31-Jul-2025,162002,46 44.674400 N,063 11.526200 W,1.7,169.2,A,DoorSpread,DoorMaster,7.715000,D,S,90461.000000
Thu Jul 31 13:19:54 2025,31-Jul-2025,162003,46 44.673800 N,063 11.526100 W,1.7,169.3,A,DoorSpread,DoorMaster,7.715000,D,S,90461.000000
Thu Jul 31 13:19:54 2025,31-Jul-2025,162004,46 44.673400 N,063 11.525900 W,1.7,169.2,A,DoorSpread,DoorMaster,7.715000,D,S,90461.000000
Thu Jul 31 13:19:54 2025,31-Jul-2025,162005,46 44.672900 N,063 11.525700 W,1.8,169.0,A,DoorSpread,DoorMaster,7.715000,D,S,90461.000000
Thu Jul 31 13:19:54 2025,31-Jul-2025,162006,46 44.672300 N,063 11.525300 W,1.8,168.2,A,DoorSpread,DoorMaster,7.715000,D,S,90461.000000
Thu Jul 31 13:20:05 2025,31-Jul-2025,162007,46 44.671900 N,063 11.524800 W,1.8,167.5,A,DoorSpread,DoorMaster,8.465000,D,P,69936.000000
Thu Jul 31 13:20:05 2025,31-Jul-2025,162008,46 44.671400 N,063 11.524400 W,1.9,166.7,A,DoorSpread,DoorMaster,8.465000,D,P,69936.000000
Thu Jul 31 13:20:05 2025,31-Jul-2025,162009,46 44.670900 N,063 11.524100 W,1.9,166.0,A,DoorSpread,DoorMaster,8.465000,D,P,69936.000000
Thu Jul 31 13:20:05 2025,31-Jul-2025,162010,46 44.670400 N,063 11.523700 W,1.9,165.2,A,DoorSpread,DoorMaster,8.465000,D,P,69936.000000
Thu Jul 31 13:20:05 2025,31-Jul-2025,162011,46 44.669800 N,063 11.523300 W,1.9,164.4,A,DoorSpread,DoorMaster,8.465000,D,P,69936.000000
Thu Jul 31 13:20:05 2025,31-Jul-2025,162012,46 44.669200 N,063 11.523000 W,2.0,163.9,A,DoorSpread,DoorMaster,8.465000,D,P,69936.000000
Thu Jul 31 13:20:05 2025,31-Jul-2025,162013,46 44.668700 N,063 11.522800 W,2.0,163.5,A,DoorSpread,DoorMaster,8.465000,D,P,69936.000000
Thu Jul 31 13:20:05 2025,31-Jul-2025,162014,46 44.668100 N,063 11.522500 W,2.1,162.8,A,DoorSpread,DoorMaster,8.465000,D,P,69936.000000
Thu Jul 31 13:20:05 2025,31-Jul-2025,162015,46 44.667500 N,063 11.522200 W,2.1,162.2,A,DoorSpread,DoorMaster,8.465000,D,P,69936.000000
Thu Jul 31 13:20:05 2025,31-Jul-2025,162016,46 44.667000 N,063 11.522000 W,2.1,162.0,A,DoorSpread,DoorMaster,8.465000,D,P,69936.000000
Thu Jul 31 13:20:05 2025,31-Jul-2025,162017,46 44.666400 N,063 11.521800 W,2.1,162.0,A,DoorSpread,DoorMaster,8.465000,D,P,69936.000000
Thu Jul 31 13:20:16 2025,31-Jul-2025,162018,46 44.665800 N,063 11.521600 W,2.1,161.9,A,DoorSpread,DoorMaster,7.150000,D,S,202425.000000
Thu Jul 31 13:20:16 2025,31-Jul-2025,162019,46 44.665300 N,063 11.521400 W,2.1,162.0,A,DoorSpread,DoorMaster,7.150000,D,S,202425.000000
Thu Jul 31 13:20:16 2025,31-Jul-2025,162020,46 44.664700 N,063 11.521300 W,2.1,162.0,A,DoorSpread,DoorMaster,7.150000,D,S,202425.000000
Thu Jul 31 13:20:16 2025,31-Jul-2025,162021,46 44.664000 N,063 11.521100 W,2.1,162.1,A,DoorSpread,DoorMaster,7.150000,D,S,202425.000000
Thu Jul 31 13:20:16 2025,31-Jul-2025,162022,46 44.663400 N,063 11.520900 W,2.1,162.3,A,DoorSpread,DoorMaster,7.150000,D,S,202425.000000
Thu Jul 31 13:20:16 2025,31-Jul-2025,162023,46 44.662700 N,063 11.520600 W,2.1,162.5,A,DoorSpread,DoorMaster,7.150000,D,S,202425.000000
Thu Jul 31 13:20:16 2025,31-Jul-2025,162024,46 44.662000 N,063 11.520400 W,2.1,162.8,A,DoorSpread,DoorMaster,7.150000,D,S,202425.000000
Thu Jul 31 13:20:16 2025,31-Jul-2025,162025,46 44.661300 N,063 11.520000 W,2.1,163.1,A,DoorSpread,DoorMaster,7.150000,D,S,202425.000000
Thu Jul 31 13:20:16 2025,31-Jul-2025,162026,46 44.660500 N,063 11.519600 W,2.1,163.4,A,DoorSpread,DoorMaster,7.150000,D,S,202425.000000
Thu Jul 31 13:20:16 2025,31-Jul-2025,162027,46 44.659900 N,063 11.519200 W,2.1,163.7,A,DoorSpread,DoorMaster,7.150000,D,S,202425.000000
Thu Jul 31 13:20:16 2025,31-Jul-2025,162028,46 44.659300 N,063 11.518900 W,2.2,164.1,A,DoorSpread,DoorMaster,7.150000,D,S,202425.000000
Thu Jul 31 13:20:27 2025,31-Jul-2025,162029,46 44.658700 N,063 11.518700 W,2.2,164.5,A,DoorSpread,DoorMaster,8.380000,D,S,130352.000000
Thu Jul 31 13:20:27 2025,31-Jul-2025,162030,46 44.658100 N,063 11.518400 W,2.2,164.8,A,DoorSpread,DoorMaster,8.380000,D,S,130352.000000
Thu Jul 31 13:20:27 2025,31-Jul-2025,162031,46 44.657500 N,063 11.518100 W,2.2,165.2,A,DoorSpread,DoorMaster,8.380000,D,S,130352.000000
Thu Jul 31 13:20:27 2025,31-Jul-2025,162032,46 44.656900 N,063 11.517900 W,2.3,165.5,A,DoorSpread,DoorMaster,8.380000,D,S,130352.000000
Thu Jul 31 13:20:27 2025,31-Jul-2025,162033,46 44.656300 N,063 11.517600 W,2.3,165.8,A,DoorSpread,DoorMaster,8.380000,D,S,130352.000000
Thu Jul 31 13:20:27 2025,31-Jul-2025,162034,46 44.655800 N,063 11.517300 W,2.2,166.0,A,DoorSpread,DoorMaster,8.380000,D,S,130352.000000
Thu Jul 31 13:20:33 2025,31-Jul-2025,162035,46 44.655200 N,063 11.517100 W,2.2,166.1,A,DoorSpread,DoorMaster,16.285000,D,S,85282.000000
Thu Jul 31 13:20:33 2025,31-Jul-2025,162036,46 44.654600 N,063 11.516700 W,2.2,166.1,A,DoorSpread,DoorMaster,16.285000,D,S,85282.000000
Thu Jul 31 13:20:33 2025,31-Jul-2025,162037,46 44.654000 N,063 11.516400 W,2.2,166.1,A,DoorSpread,DoorMaster,16.285000,D,S,85282.000000
Thu Jul 31 13:20:33 2025,31-Jul-2025,162038,46 44.653400 N,063 11.516100 W,2.2,166.0,A,DoorSpread,DoorMaster,16.285000,D,S,85282.000000
Thu Jul 31 13:20:33 2025,31-Jul-2025,162039,46 44.652800 N,063 11.515700 W,2.2,166.2,A,DoorSpread,DoorMaster,16.285000,D,S,85282.000000
Thu Jul 31 13:20:33 2025,31-Jul-2025,162040,46 44.652200 N,063 11.515400 W,2.3,166.4,A,DoorSpread,DoorMaster,16.285000,D,S,85282.000000
Thu Jul 31 13:20:33 2025,31-Jul-2025,162041,46 44.651600 N,063 11.515000 W,2.3,166.2,A,DoorSpread,DoorMaster,16.285000,D,S,85282.000000
Thu Jul 31 13:20:40 2025,31-Jul-2025,162042,46 44.651000 N,063 11.514800 W,2.3,166.1,A,DoorSpread,DoorMaster,24.370000,D,S,164118.000000
Thu Jul 31 13:20:40 2025,31-Jul-2025,162043,46 44.650500 N,063 11.514700 W,2.3,166.3,A,DoorSpread,DoorMaster,24.370000,D,S,164118.000000
Thu Jul 31 13:20:40 2025,31-Jul-2025,162044,46 44.649900 N,063 11.514700 W,2.3,166.6,A,DoorSpread,DoorMaster,24.370000,D,S,164118.000000
Thu Jul 31 13:20:40 2025,31-Jul-2025,162045,46 44.649300 N,063 11.514700 W,2.3,166.6,A,DoorSpread,DoorMaster,24.370000,D,S,164118.000000
Thu Jul 31 13:20:40 2025,31-Jul-2025,162046,46 44.648800 N,063 11.514700 W,2.3,166.6,A,DoorSpread,DoorMaster,24.370000,D,S,164118.000000
Thu Jul 31 13:20:45 2025,31-Jul-2025,162047,46 44.648300 N,063 11.514600 W,2.3,166.8,A,DoorSpread,DoorMaster,7.170000,D,S,118540.000000
Thu Jul 31 13:20:45 2025,31-Jul-2025,162048,46 44.647800 N,063 11.514600 W,2.3,167.0,A,DoorSpread,DoorMaster,7.170000,D,S,118540.000000
Thu Jul 31 13:20:45 2025,31-Jul-2025,162049,46 44.647200 N,063 11.514500 W,2.3,167.1,A,DoorSpread,DoorMaster,7.170000,D,S,118540.000000
Thu Jul 31 13:20:45 2025,31-Jul-2025,162050,46 44.646600 N,063 11.514300 W,2.3,167.1,A,DoorSpread,DoorMaster,7.170000,D,S,118540.000000
Thu Jul 31 13:20:45 2025,31-Jul-2025,162051,46 44.646000 N,063 11.514100 W,2.2,167.1,A,DoorSpread,DoorMaster,7.170000,D,S,118540.000000
Thu Jul 31 13:20:45 2025,31-Jul-2025,162052,46 44.645300 N,063 11.513800 W,2.2,167.0,A,DoorSpread,DoorMaster,7.170000,D,S,118540.000000
Thu Jul 31 13:20:51 2025,31-Jul-2025,162053,46 44.644800 N,063 11.513600 W,2.2,167.0,A,DoorSpread,DoorMaster,6.700000,D,S,109660.000000
Thu Jul 31 13:20:51 2025,31-Jul-2025,162054,46 44.644100 N,063 11.513500 W,2.2,167.0,A,DoorSpread,DoorMaster,6.700000,D,S,109660.000000
Thu Jul 31 13:20:51 2025,31-Jul-2025,162055,46 44.643500 N,063 11.513200 W,2.2,167.1,A,DoorSpread,DoorMaster,6.700000,D,S,109660.000000
Thu Jul 31 13:20:51 2025,31-Jul-2025,162056,46 44.642900 N,063 11.512900 W,2.2,167.1,A,DoorSpread,DoorMaster,6.700000,D,S,109660.000000
Thu Jul 31 13:20:51 2025,31-Jul-2025,162057,46 44.642300 N,063 11.512600 W,2.2,167.1,A,DoorSpread,DoorMaster,6.700000,D,S,109660.000000
Thu Jul 31 13:20:51 2025,31-Jul-2025,162058,46 44.641700 N,063 11.512300 W,2.2,167.2,A,DoorSpread,DoorMaster,6.700000,D,S,109660.000000
Thu Jul 31 13:20:57 2025,31-Jul-2025,162059,46 44.641100 N,063 11.512000 W,2.2,167.2,A,DoorSpread,DoorMaster,6.595000,D,P,139883.000000
Thu Jul 31 13:20:57 2025,31-Jul-2025,162100,46 44.640600 N,063 11.511800 W,2.2,167.4,A,DoorSpread,DoorMaster,6.595000,D,P,139883.000000
Thu Jul 31 13:20:57 2025,31-Jul-2025,162101,46 44.639900 N,063 11.511500 W,2.2,167.5,A,DoorSpread,DoorMaster,6.595000,D,P,139883.000000
Thu Jul 31 13:20:57 2025,31-Jul-2025,162102,46 44.639300 N,063 11.511300 W,2.2,167.7,A,DoorSpread,DoorMaster,6.595000,D,P,139883.000000
Thu Jul 31 13:20:57 2025,31-Jul-2025,162103,46 44.638700 N,063 11.511000 W,2.1,167.7,A,DoorSpread,DoorMaster,6.595000,D,P,139883.000000
Thu Jul 31 13:21:02 2025,31-Jul-2025,162104,46 44.638200 N,063 11.510800 W,2.1,167.7,A,DoorSpread,DoorMaster,6.980000,D,P,127422.000000
Thu Jul 31 13:21:02 2025,31-Jul-2025,162105,46 44.637700 N,063 11.510700 W,2.1,167.8,A,DoorSpread,DoorMaster,6.980000,D,P,127422.000000
Thu Jul 31 13:21:02 2025,31-Jul-2025,162106,46 44.637100 N,063 11.510500 W,2.1,167.8,A,DoorSpread,DoorMaster,6.980000,D,P,127422.000000
Thu Jul 31 13:21:02 2025,31-Jul-2025,162107,46 44.636600 N,063 11.510300 W,2.0,167.8,A,DoorSpread,DoorMaster,6.980000,D,P,127422.000000
Thu Jul 31 13:21:02 2025,31-Jul-2025,162108,46 44.636200 N,063 11.510100 W,2.0,167.9,A,DoorSpread,DoorMaster,6.980000,D,P,127422.000000
Thu Jul 31 13:21:02 2025,31-Jul-2025,162109,46 44.635600 N,063 11.509900 W,2.0,167.9,A,DoorSpread,DoorMaster,6.980000,D,P,127422.000000
Thu Jul 31 13:21:08 2025,31-Jul-2025,162110,46 44.635100 N,063 11.509500 W,2.0,167.8,A,DoorSpread,DoorMaster,6.430000,D,S,133613.000000
Thu Jul 31 13:21:08 2025,31-Jul-2025,162111,46 44.634600 N,063 11.509300 W,2.0,167.8,A,Primary,Headline,10.959184,D,S,19285.000000
Thu Jul 31 13:21:08 2025,31-Jul-2025,162112,46 44.634000 N,063 11.509000 W,2.1,167.8,A,Primary,Headline,10.959184,D,S,19285.000000
Thu Jul 31 13:21:08 2025,31-Jul-2025,162113,46 44.633500 N,063 11.508700 W,2.1,167.6,A,Primary,Headline,10.959184,D,S,19285.000000
Thu Jul 31 13:21:08 2025,31-Jul-2025,162114,46 44.632900 N,063 11.508300 W,2.0,167.4,A,Primary,Headline,10.959184,D,S,19285.000000
Thu Jul 31 13:21:13 2025,31-Jul-2025,162115,46 44.632500 N,063 11.508100 W,2.0,167.3,A,DoorSpread,DoorMaster,6.220000,D,P,77733.000000
Thu Jul 31 13:21:13 2025,31-Jul-2025,162116,46 44.631900 N,063 11.507900 W,2.0,167.6,A,DoorSpread,DoorMaster,6.220000,D,P,77733.000000
Thu Jul 31 13:21:13 2025,31-Jul-2025,162117,46 44.631400 N,063 11.507800 W,2.0,167.6,A,DoorSpread,DoorMaster,6.220000,D,P,77733.000000
Thu Jul 31 13:21:15 2025,31-Jul-2025,162118,46 44.631000 N,063 11.507600 W,2.0,167.7,A,FishCount,Headline,2.180272,D,S,37774.000000
Thu Jul 31 13:21:15 2025,31-Jul-2025,162119,46 44.630500 N,063 11.507500 W,2.0,167.7,A,FishCount,Headline,2.180272,D,S,37774.000000
Thu Jul 31 13:21:15 2025,31-Jul-2025,162120,46 44.630000 N,063 11.507300 W,2.0,167.8,A,FishCount,Headline,2.180272,D,S,37774.000000
Thu Jul 31 13:21:19 2025,31-Jul-2025,162121,46 44.629400 N,063 11.507200 W,2.0,167.8,A,DoorSpread,DoorMaster,6.330000,D,P,175625.000000
Thu Jul 31 13:21:19 2025,31-Jul-2025,162122,46 44.628900 N,063 11.507000 W,2.0,167.7,A,DoorSpread,DoorMaster,6.330000,D,P,175625.000000
Thu Jul 31 13:21:21 2025,31-Jul-2025,162123,46 44.628300 N,063 11.506900 W,2.0,167.8,A,Primary,Headline,43.020408,D,S,34485.000000
Thu Jul 31 13:21:21 2025,31-Jul-2025,162124,46 44.627700 N,063 11.506900 W,2.0,168.0,A,Primary,Headline,43.020408,D,S,34485.000000
Thu Jul 31 13:21:21 2025,31-Jul-2025,162125,46 44.627100 N,063 11.506900 W,2.0,168.1,A,Primary,Headline,43.020408,D,S,34485.000000
Thu Jul 31 13:21:21 2025,31-Jul-2025,162126,46 44.626500 N,063 11.506800 W,2.0,168.0,A,Primary,Headline,43.020408,D,S,34485.000000
Thu Jul 31 13:21:21 2025,31-Jul-2025,162127,46 44.626000 N,063 11.506700 W,2.0,168.0,A,Primary,Headline,43.020408,D,S,34485.000000
Thu Jul 31 13:21:21 2025,31-Jul-2025,162128,46 44.625400 N,063 11.506700 W,2.0,168.2,A,Primary,Headline,43.020408,D,S,34485.000000
Thu Jul 31 13:21:27 2025,31-Jul-2025,162129,46 44.624600 N,063 11.506600 W,2.0,168.4,A,Secondary,Headline,2.897959,D,S,25824.000000
Thu Jul 31 13:21:27 2025,31-Jul-2025,162130,46 44.624000 N,063 11.506500 W,2.0,168.5,A,Secondary,Headline,2.897959,D,S,25824.000000
Thu Jul 31 13:21:27 2025,31-Jul-2025,162131,46 44.623400 N,063 11.506400 W,2.0,168.6,A,Secondary,Headline,2.897959,D,S,25824.000000
Thu Jul 31 13:21:27 2025,31-Jul-2025,162132,46 44.622700 N,063 11.506200 W,2.0,168.6,A,Secondary,Headline,2.897959,D,S,25824.000000
Thu Jul 31 13:21:27 2025,31-Jul-2025,162133,46 44.622100 N,063 11.506000 W,2.0,168.7,A,Secondary,Headline,2.897959,D,S,25824.000000
Thu Jul 31 13:21:27 2025,31-Jul-2025,162134,46 44.621400 N,063 11.505700 W,2.0,168.7,A,Secondary,Headline,2.897959,D,S,25824.000000
Thu Jul 31 13:21:33 2025,31-Jul-2025,162135,46 44.620900 N,063 11.505500 W,2.0,168.7,A,Primary,Headline,38.387755,D,S,21482.000000
Thu Jul 31 13:21:33 2025,31-Jul-2025,162136,46 44.620300 N,063 11.505400 W,2.0,168.7,A,Primary,Headline,38.387755,D,S,21482.000000
Thu Jul 31 13:21:35 2025,31-Jul-2025,162137,46 44.619700 N,063 11.505300 W,2.0,168.8,A,DoorSpread,DoorMaster,6.910000,D,S,83703.000000
Thu Jul 31 13:21:36 2025,31-Jul-2025,162138,46 44.619000 N,063 11.505200 W,2.0,168.7,A,Secondary,Headline,4.551020,D,P,14853.000000
Thu Jul 31 13:21:36 2025,31-Jul-2025,162139,46 44.618400 N,063 11.505000 W,2.0,168.6,A,Secondary,Headline,4.551020,D,P,14853.000000
Thu Jul 31 13:21:36 2025,31-Jul-2025,162140,46 44.617800 N,063 11.504900 W,2.0,168.5,A,Secondary,Headline,4.551020,D,P,14853.000000
Thu Jul 31 13:21:36 2025,31-Jul-2025,162141,46 44.617100 N,063 11.504800 W,2.0,168.7,A,Secondary,Headline,4.551020,D,P,14853.000000
Thu Jul 31 13:21:36 2025,31-Jul-2025,162142,46 44.616600 N,063 11.504600 W,2.0,168.7,A,Secondary,Headline,4.551020,D,P,14853.000000
Thu Jul 31 13:21:36 2025,31-Jul-2025,162143,46 44.616000 N,063 11.504500 W,2.0,168.6,A,Secondary,Headline,4.551020,D,P,14853.000000
Thu Jul 31 13:21:36 2025,31-Jul-2025,162144,46 44.615400 N,063 11.504300 W,2.0,168.6,A,Secondary,Headline,4.551020,D,P,14853.000000
Thu Jul 31 13:21:42 2025,31-Jul-2025,162145,46 44.614800 N,063 11.504300 W,2.1,168.9,A,Secondary,Headline,51.142857,D,P,62877.000000
Thu Jul 31 13:21:42 2025,31-Jul-2025,162146,46 44.614200 N,063 11.504200 W,2.1,168.9,A,Secondary,Headline,51.142857,D,P,62877.000000
Thu Jul 31 13:21:42 2025,31-Jul-2025,162147,46 44.613600 N,063 11.504000 W,2.1,168.7,A,Secondary,Headline,51.142857,D,P,62877.000000
Thu Jul 31 13:21:42 2025,31-Jul-2025,162148,46 44.613100 N,063 11.503800 W,2.1,168.7,A,Secondary,Headline,51.142857,D,P,62877.000000
Thu Jul 31 13:21:42 2025,31-Jul-2025,162149,46 44.612500 N,063 11.503600 W,2.1,168.9,A,Secondary,Headline,51.142857,D,P,62877.000000
Thu Jul 31 13:21:42 2025,31-Jul-2025,162150,46 44.612000 N,063 11.503400 W,2.1,169.1,A,Secondary,Headline,51.142857,D,P,62877.000000
Thu Jul 31 13:21:42 2025,31-Jul-2025,162151,46 44.611500 N,063 11.503200 W,2.1,169.0,A,Secondary,Headline,51.142857,D,P,62877.000000
Thu Jul 31 13:21:50 2025,31-Jul-2025,162152,46 44.611000 N,063 11.502900 W,2.0,168.9,A,DoorSpread,DoorMaster,2.330000,D,P,98975.000000
Thu Jul 31 13:21:50 2025,31-Jul-2025,162153,46 44.610500 N,063 11.502700 W,2.1,169.1,A,DoorSpread,DoorMaster,2.330000,D,P,98975.000000
Thu Jul 31 13:21:50 2025,31-Jul-2025,162154,46 44.609900 N,063 11.502500 W,2.1,169.2,A,DoorSpread,DoorMaster,2.330000,D,P,98975.000000
Thu Jul 31 13:21:50 2025,31-Jul-2025,162155,46 44.609400 N,063 11.502300 W,2.0,169.2,A,DoorSpread,DoorMaster,2.330000,D,P,98975.000000
Thu Jul 31 13:21:50 2025,31-Jul-2025,162156,46 44.608900 N,063 11.502100 W,2.0,169.3,A,DoorSpread,DoorMaster,2.330000,D,P,98975.000000
Thu Jul 31 13:21:50 2025,31-Jul-2025,162157,46 44.608300 N,063 11.502000 W,2.0,169.5,A,DoorSpread,DoorMaster,2.330000,D,P,98975.000000
Thu Jul 31 13:21:50 2025,31-Jul-2025,162158,46 44.607800 N,063 11.501900 W,2.0,169.6,A,DoorSpread,DoorMaster,2.330000,D,P,98975.000000
Thu Jul 31 13:21:57 2025,31-Jul-2025,162159,46 44.607300 N,063 11.501700 W,2.0,169.7,A,Primary,Headline,59.979592,D,S,133270.000000
Thu Jul 31 13:21:57 2025,31-Jul-2025,162200,46 44.606700 N,063 11.501600 W,2.0,169.9,A,Primary,Headline,59.979592,D,S,133270.000000
Thu Jul 31 13:21:57 2025,31-Jul-2025,162201,46 44.606200 N,063 11.501600 W,1.9,170.1,A,Primary,Headline,59.979592,D,S,133270.000000
Thu Jul 31 13:21:57 2025,31-Jul-2025,162202,46 44.605800 N,063 11.501500 W,1.9,170.2,A,Primary,Headline,59.979592,D,S,133270.000000
Thu Jul 31 13:21:57 2025,31-Jul-2025,162203,46 44.605300 N,063 11.501400 W,1.9,170.3,A,Primary,Headline,59.979592,D,S,133270.000000
Thu Jul 31 13:21:57 2025,31-Jul-2025,162204,46 44.604800 N,063 11.501300 W,1.9,170.5,A,Primary,Headline,59.979592,D,S,133270.000000
Thu Jul 31 13:21:57 2025,31-Jul-2025,162205,46 44.604400 N,063 11.501200 W,1.8,170.5,A,Primary,Headline,59.979592,D,S,133270.000000
Thu Jul 31 13:21:57 2025,31-Jul-2025,162206,46 44.603900 N,063 11.501000 W,1.8,170.5,A,Primary,Headline,59.979592,D,S,133270.000000
Thu Jul 31 13:21:57 2025,31-Jul-2025,162207,46 44.603300 N,063 11.500900 W,1.9,170.7,A,Primary,Headline,59.979592,D,S,133270.000000
Thu Jul 31 13:22:06 2025,31-Jul-2025,162208,46 44.602500 N,063 11.500800 W,1.9,171.2,A,DoorSpread,DoorMaster,13.090000,D,S,137433.000000
Thu Jul 31 13:22:06 2025,31-Jul-2025,162209,46 44.601800 N,063 11.500700 W,2.0,171.7,A,DoorSpread,DoorMaster,13.090000,D,S,137433.000000
Thu Jul 31 13:22:06 2025,31-Jul-2025,162210,46 44.601100 N,063 11.500600 W,2.0,171.9,A,DoorSpread,DoorMaster,13.090000,D,S,137433.000000
Thu Jul 31 13:22:06 2025,31-Jul-2025,162211,46 44.600400 N,063 11.500500 W,2.1,172.2,A,DoorSpread,DoorMaster,13.090000,D,S,137433.000000
Thu Jul 31 13:22:06 2025,31-Jul-2025,162212,46 44.599700 N,063 11.500500 W,2.1,172.5,A,DoorSpread,DoorMaster,13.090000,D,S,137433.000000
Thu Jul 31 13:22:11 2025,31-Jul-2025,162213,46 44.599000 N,063 11.500500 W,2.2,172.8,A,Primary,Headline,45.632653,D,S,12868.000000
Thu Jul 31 13:22:12 2025,31-Jul-2025,162214,46 44.598300 N,063 11.500500 W,2.2,173.0,A,DoorSpread,DoorMaster,3.655000,D,P,77841.000000
Thu Jul 31 13:22:12 2025,31-Jul-2025,162215,46 44.597600 N,063 11.500600 W,2.2,173.1,A,DoorSpread,DoorMaster,3.655000,D,P,77841.000000
Thu Jul 31 13:22:12 2025,31-Jul-2025,162216,46 44.596900 N,063 11.500600 W,2.2,173.0,A,DoorSpread,DoorMaster,3.655000,D,P,77841.000000
Thu Jul 31 13:22:12 2025,31-Jul-2025,162217,46 44.596200 N,063 11.500700 W,2.3,173.0,A,DoorSpread,DoorMaster,3.655000,D,P,77841.000000
Thu Jul 31 13:22:12 2025,31-Jul-2025,162218,46 44.595600 N,063 11.500700 W,2.3,173.2,A,DoorSpread,DoorMaster,3.655000,D,P,77841.000000
Thu Jul 31 13:22:17 2025,31-Jul-2025,162219,46 44.594900 N,063 11.500700 W,2.3,173.3,A,DoorSpread,DoorMaster,0.185000,D,S,23997.000000
Thu Jul 31 13:22:17 2025,31-Jul-2025,162220,46 44.594300 N,063 11.500500 W,2.3,173.3,A,DoorSpread,DoorMaster,0.185000,D,S,23997.000000
Thu Jul 31 13:22:17 2025,31-Jul-2025,162221,46 44.593800 N,063 11.500300 W,2.2,173.2,A,DoorSpread,DoorMaster,0.185000,D,S,23997.000000
Thu Jul 31 13:22:17 2025,31-Jul-2025,162222,46 44.593300 N,063 11.500200 W,2.2,173.1,A,DoorSpread,DoorMaster,0.185000,D,S,23997.000000
Thu Jul 31 13:22:17 2025,31-Jul-2025,162223,46 44.592800 N,063 11.500100 W,2.3,173.0,A,DoorSpread,DoorMaster,0.185000,D,S,23997.000000
Thu Jul 31 13:22:17 2025,31-Jul-2025,162224,46 44.592200 N,063 11.500000 W,2.2,173.0,A,DoorSpread,DoorMaster,0.185000,D,S,23997.000000
Thu Jul 31 13:22:23 2025,31-Jul-2025,162225,46 44.591700 N,063 11.500000 W,2.2,172.9,A,DoorSpread,DoorMaster,17.525000,D,P,136435.000000
Thu Jul 31 13:22:23 2025,31-Jul-2025,162226,46 44.591100 N,063 11.500100 W,2.2,172.7,A,DoorSpread,DoorMaster,17.525000,D,P,136435.000000
Thu Jul 31 13:22:23 2025,31-Jul-2025,162227,46 44.590600 N,063 11.500000 W,2.2,172.6,A,DoorSpread,DoorMaster,17.525000,D,P,136435.000000
Thu Jul 31 13:22:23 2025,31-Jul-2025,162228,46 44.590000 N,063 11.499900 W,2.2,172.6,A,DoorSpread,DoorMaster,17.525000,D,P,136435.000000
Thu Jul 31 13:22:23 2025,31-Jul-2025,162229,46 44.589600 N,063 11.499700 W,2.2,172.4,A,DoorSpread,DoorMaster,17.525000,D,P,136435.000000
Thu Jul 31 13:22:23 2025,31-Jul-2025,162230,46 44.589000 N,063 11.499500 W,2.2,172.1,A,DoorSpread,DoorMaster,17.525000,D,P,136435.000000
Thu Jul 31 13:22:29 2025,31-Jul-2025,162231,46 44.588500 N,063 11.499200 W,2.2,171.7,A,DoorSpread,DoorMaster,6.840000,D,S,129884.000000
Thu Jul 31 13:22:29 2025,31-Jul-2025,162232,46 44.588000 N,063 11.499000 W,2.2,171.5,A,DoorSpread,DoorMaster,6.840000,D,S,129884.000000
Thu Jul 31 13:22:29 2025,31-Jul-2025,162233,46 44.587300 N,063 11.498700 W,2.2,171.3,A,DoorSpread,DoorMaster,6.840000,D,S,129884.000000
Thu Jul 31 13:22:29 2025,31-Jul-2025,162234,46 44.586700 N,063 11.498300 W,2.2,170.8,A,DoorSpread,DoorMaster,6.840000,D,S,129884.000000
Thu Jul 31 13:22:29 2025,31-Jul-2025,162235,46 44.586200 N,063 11.498000 W,2.3,170.4,A,DoorSpread,DoorMaster,6.840000,D,S,129884.000000
Thu Jul 31 13:22:34 2025,31-Jul-2025,162236,46 44.585400 N,063 11.497900 W,2.3,170.2,A,DoorSpread,DoorMaster,7.245000,D,S,73101.000000
Thu Jul 31 13:22:34 2025,31-Jul-2025,162237,46 44.584700 N,063 11.497700 W,2.4,169.9,A,DoorSpread,DoorMaster,7.245000,D,S,73101.000000
Thu Jul 31 13:22:34 2025,31-Jul-2025,162238,46 44.583900 N,063 11.497400 W,2.4,169.6,A,DoorSpread,DoorMaster,7.245000,D,S,73101.000000
Thu Jul 31 13:22:34 2025,31-Jul-2025,162239,46 44.583100 N,063 11.497100 W,2.5,169.4,A,DoorSpread,DoorMaster,7.245000,D,S,73101.000000
Thu Jul 31 13:22:34 2025,31-Jul-2025,162240,46 44.582400 N,063 11.496900 W,2.5,169.3,A,DoorSpread,DoorMaster,7.245000,D,S,73101.000000
Thu Jul 31 13:22:34 2025,31-Jul-2025,162241,46 44.581600 N,063 11.496600 W,2.6,169.1,A,DoorSpread,DoorMaster,7.245000,D,S,73101.000000
Thu Jul 31 13:22:40 2025,31-Jul-2025,162242,46 44.580900 N,063 11.496200 W,2.7,168.9,A,DoorSpread,DoorMaster,10.360000,D,S,51091.000000
Thu Jul 31 13:22:40 2025,31-Jul-2025,162243,46 44.580200 N,063 11.495900 W,2.7,168.7,A,DoorSpread,DoorMaster,10.360000,D,S,51091.000000
Thu Jul 31 13:22:40 2025,31-Jul-2025,162244,46 44.579400 N,063 11.495700 W,2.8,168.6,A,DoorSpread,DoorMaster,10.360000,D,S,51091.000000
Thu Jul 31 13:22:40 2025,31-Jul-2025,162245,46 44.578500 N,063 11.495500 W,2.8,168.6,A,DoorSpread,DoorMaster,10.360000,D,S,51091.000000
Thu Jul 31 13:22:40 2025,31-Jul-2025,162246,46 44.577700 N,063 11.495300 W,2.9,168.3,A,DoorSpread,DoorMaster,10.360000,D,S,51091.000000
Thu Jul 31 13:22:40 2025,31-Jul-2025,162247,46 44.576900 N,063 11.495000 W,2.9,168.1,A,DoorSpread,DoorMaster,10.360000,D,S,51091.000000
Thu Jul 31 13:22:46 2025,31-Jul-2025,162248,46 44.576100 N,063 11.494800 W,3.0,167.9,A,DoorSpread,DoorMaster,6.560000,D,S,109454.000000
Thu Jul 31 13:22:46 2025,31-Jul-2025,162249,46 44.575200 N,063 11.494600 W,3.1,167.7,A,DoorSpread,DoorMaster,6.560000,D,S,109454.000000
Thu Jul 31 13:22:46 2025,31-Jul-2025,162250,46 44.574400 N,063 11.494200 W,3.1,167.4,A,DoorSpread,DoorMaster,6.560000,D,S,109454.000000
Thu Jul 31 13:22:46 2025,31-Jul-2025,162251,46 44.573500 N,063 11.493800 W,3.2,167.2,A,DoorSpread,DoorMaster,6.560000,D,S,109454.000000
Thu Jul 31 13:22:46 2025,31-Jul-2025,162252,46 44.572500 N,063 11.493600 W,3.2,167.1,A,DoorSpread,DoorMaster,6.560000,D,S,109454.000000
Thu Jul 31 13:22:46 2025,31-Jul-2025,162253,46 44.571400 N,063 11.493200 W,3.3,167.0,A,DoorSpread,DoorMaster,6.560000,D,S,109454.000000
Thu Jul 31 13:22:46 2025,31-Jul-2025,162254,46 44.570400 N,063 11.492700 W,3.3,166.9,A,DoorSpread,DoorMaster,6.560000,D,S,109454.000000
Thu Jul 31 13:22:46 2025,31-Jul-2025,162255,46 44.569300 N,063 11.492200 W,3.4,166.8,A,DoorSpread,DoorMaster,6.560000,D,S,109454.000000
Thu Jul 31 13:22:46 2025,31-Jul-2025,162256,46 44.568300 N,063 11.491700 W,3.4,166.7,A,DoorSpread,DoorMaster,6.560000,D,S,109454.000000
Thu Jul 31 13:22:46 2025,31-Jul-2025,162257,46 44.567300 N,063 11.491300 W,3.4,166.6,A,DoorSpread,DoorMaster,6.560000,D,S,109454.000000
Thu Jul 31 13:22:46 2025,31-Jul-2025,162258,46 44.566300 N,063 11.490900 W,3.4,166.5,A,DoorSpread,DoorMaster,6.560000,D,S,109454.000000
Thu Jul 31 13:22:46 2025,31-Jul-2025,162259,46 44.565300 N,063 11.490500 W,3.5,166.5,A,DoorSpread,DoorMaster,6.560000,D,S,109454.000000
Thu Jul 31 13:22:46 2025,31-Jul-2025,162300,46 44.564300 N,063 11.490100 W,3.5,166.4,A,DoorSpread,DoorMaster,6.560000,D,S,109454.000000
Thu Jul 31 13:22:46 2025,31-Jul-2025,162301,46 44.563300 N,063 11.489700 W,3.5,166.3,A,DoorSpread,DoorMaster,6.560000,D,S,109454.000000
Thu Jul 31 13:22:46 2025,31-Jul-2025,162302,46 44.562500 N,063 11.489400 W,3.5,166.3,A,DoorSpread,DoorMaster,6.560000,D,S,109454.000000
Thu Jul 31 13:22:46 2025,31-Jul-2025,162303,46 44.561700 N,063 11.489100 W,3.5,166.2,A,DoorSpread,DoorMaster,6.560000,D,S,109454.000000
Thu Jul 31 13:23:02 2025,31-Jul-2025,162304,46 44.561000 N,063 11.488800 W,3.4,166.2,A,DoorSpread,DoorMaster,6.910000,D,P,117490.000000
Thu Jul 31 13:23:02 2025,31-Jul-2025,162305,46 44.560200 N,063 11.488600 W,3.4,166.1,A,DoorSpread,DoorMaster,6.910000,D,P,117490.000000
Thu Jul 31 13:23:02 2025,31-Jul-2025,162306,46 44.559400 N,063 11.488400 W,3.3,166.1,A,DoorSpread,DoorMaster,6.910000,D,P,117490.000000
Thu Jul 31 13:23:02 2025,31-Jul-2025,162307,46 44.558500 N,063 11.488100 W,3.3,166.1,A,DoorSpread,DoorMaster,6.910000,D,P,117490.000000
Thu Jul 31 13:23:02 2025,31-Jul-2025,162308,46 44.557600 N,063 11.487800 W,3.2,166.0,A,DoorSpread,DoorMaster,6.910000,D,P,117490.000000
Thu Jul 31 13:23:02 2025,31-Jul-2025,162309,46 44.556800 N,063 11.487500 W,3.1,166.0,A,DoorSpread,DoorMaster,6.910000,D,P,117490.000000
Thu Jul 31 13:23:02 2025,31-Jul-2025,162310,46 44.556100 N,063 11.487200 W,3.1,166.0,A,DoorSpread,DoorMaster,6.910000,D,P,117490.000000
Thu Jul 31 13:23:02 2025,31-Jul-2025,162311,46 44.555300 N,063 11.486800 W,3.0,166.0,A,DoorSpread,DoorMaster,6.910000,D,P,117490.000000
Thu Jul 31 13:23:02 2025,31-Jul-2025,162312,46 44.554600 N,063 11.486500 W,2.9,165.9,A,DoorSpread,DoorMaster,6.910000,D,P,117490.000000
Thu Jul 31 13:23:02 2025,31-Jul-2025,162313,46 44.553800 N,063 11.486100 W,2.9,165.8,A,DoorSpread,DoorMaster,6.910000,D,P,117490.000000
Thu Jul 31 13:23:12 2025,31-Jul-2025,162314,46 44.553100 N,063 11.485800 W,2.8,165.6,A,DoorSpread,DoorMaster,6.840000,D,S,144378.000000
Thu Jul 31 13:23:12 2025,31-Jul-2025,162315,46 44.552400 N,063 11.485500 W,2.7,165.6,A,DoorSpread,DoorMaster,6.840000,D,S,144378.000000
Thu Jul 31 13:23:12 2025,31-Jul-2025,162316,46 44.551600 N,063 11.485200 W,2.7,165.5,A,DoorSpread,DoorMaster,6.840000,D,S,144378.000000
Thu Jul 31 13:23:12 2025,31-Jul-2025,162317,46 44.550900 N,063 11.484900 W,2.6,165.5,A,DoorSpread,DoorMaster,6.840000,D,S,144378.000000
Thu Jul 31 13:23:12 2025,31-Jul-2025,162318,46 44.550400 N,063 11.484600 W,2.5,165.5,A,DoorSpread,DoorMaster,6.840000,D,S,144378.000000
Thu Jul 31 13:23:12 2025,31-Jul-2025,162319,46 44.549800 N,063 11.484400 W,2.5,165.4,A,DoorSpread,DoorMaster,6.840000,D,S,144378.000000
Thu Jul 31 13:23:18 2025,31-Jul-2025,162320,46 44.549300 N,063 11.484200 W,2.4,165.3,A,DoorSpread,DoorMaster,6.730000,D,S,81807.000000
Thu Jul 31 13:23:18 2025,31-Jul-2025,162321,46 44.548800 N,063 11.484000 W,2.3,165.2,A,DoorSpread,DoorMaster,6.730000,D,S,81807.000000
Thu Jul 31 13:23:18 2025,31-Jul-2025,162322,46 44.548300 N,063 11.483900 W,2.3,165.4,A,DoorSpread,DoorMaster,6.730000,D,S,81807.000000
Thu Jul 31 13:23:18 2025,31-Jul-2025,162323,46 44.547700 N,063 11.483600 W,2.2,165.6,A,DoorSpread,DoorMaster,6.730000,D,S,81807.000000
Thu Jul 31 13:23:18 2025,31-Jul-2025,162324,46 44.547200 N,063 11.483400 W,2.2,165.5,A,DoorSpread,DoorMaster,6.730000,D,S,81807.000000
Thu Jul 31 13:23:18 2025,31-Jul-2025,162325,46 44.546700 N,063 11.483200 W,2.1,165.5,A,DoorSpread,DoorMaster,6.730000,D,S,81807.000000
Thu Jul 31 13:23:24 2025,31-Jul-2025,162326,46 44.546200 N,063 11.483000 W,2.1,165.6,A,DoorSpread,DoorMaster,6.085000,D,S,109661.000000
Thu Jul 31 13:23:24 2025,31-Jul-2025,162327,46 44.545700 N,063 11.482900 W,2.0,165.8,A,DoorSpread,DoorMaster,6.085000,D,S,109661.000000
Thu Jul 31 13:23:24 2025,31-Jul-2025,162328,46 44.545100 N,063 11.482700 W,2.0,165.9,A,DoorSpread,DoorMaster,6.085000,D,S,109661.000000
Thu Jul 31 13:23:24 2025,31-Jul-2025,162329,46 44.544600 N,063 11.482600 W,1.9,165.9,A,DoorSpread,DoorMaster,6.085000,D,S,109661.000000
Thu Jul 31 13:23:24 2025,31-Jul-2025,162330,46 44.544100 N,063 11.482500 W,1.9,166.2,A,DoorSpread,DoorMaster,6.085000,D,S,109661.000000
Thu Jul 31 13:23:24 2025,31-Jul-2025,162331,46 44.543700 N,063 11.482400 W,1.9,166.4,A,DoorSpread,DoorMaster,6.085000,D,S,109661.000000
Thu Jul 31 13:23:24 2025,31-Jul-2025,162332,46 44.543200 N,063 11.482200 W,1.8,166.4,A,DoorSpread,DoorMaster,6.085000,D,S,109661.000000
Thu Jul 31 13:23:24 2025,31-Jul-2025,162333,46 44.542700 N,063 11.482100 W,1.8,166.5,A,DoorSpread,DoorMaster,6.085000,D,S,109661.000000
Thu Jul 31 13:23:24 2025,31-Jul-2025,162334,46 44.542300 N,063 11.482000 W,1.8,166.8,A,DoorSpread,DoorMaster,6.085000,D,S,109661.000000
Thu Jul 31 13:23:24 2025,31-Jul-2025,162335,46 44.541800 N,063 11.481900 W,1.8,167.1,A,DoorSpread,DoorMaster,6.085000,D,S,109661.000000
Thu Jul 31 13:23:24 2025,31-Jul-2025,162336,46 44.541400 N,063 11.481800 W,1.7,167.1,A,DoorSpread,DoorMaster,6.085000,D,S,109661.000000
Thu Jul 31 13:23:24 2025,31-Jul-2025,162337,46 44.540900 N,063 11.481700 W,1.7,167.2,A,DoorSpread,DoorMaster,6.085000,D,S,109661.000000
Thu Jul 31 13:23:24 2025,31-Jul-2025,162338,46 44.540500 N,063 11.481600 W,1.7,167.5,A,DoorSpread,DoorMaster,6.085000,D,S,109661.000000
Thu Jul 31 13:23:24 2025,31-Jul-2025,162339,46 44.540000 N,063 11.481600 W,1.7,167.7,A,DoorSpread,DoorMaster,6.085000,D,S,109661.000000
Thu Jul 31 13:23:24 2025,31-Jul-2025,162340,46 44.539600 N,063 11.481500 W,1.7,167.9,A,DoorSpread,DoorMaster,6.085000,D,S,109661.000000
Thu Jul 31 13:23:24 2025,31-Jul-2025,162341,46 44.539100 N,063 11.481400 W,1.6,168.1,A,DoorSpread,DoorMaster,6.085000,D,S,109661.000000
Thu Jul 31 13:23:24 2025,31-Jul-2025,162342,46 44.538700 N,063 11.481400 W,1.6,168.4,A,DoorSpread,DoorMaster,6.085000,D,S,109661.000000
Thu Jul 31 13:23:24 2025,31-Jul-2025,162343,46 44.538200 N,063 11.481300 W,1.6,168.8,A,DoorSpread,DoorMaster,6.085000,D,S,109661.000000
Thu Jul 31 13:23:24 2025,31-Jul-2025,162344,46 44.537800 N,063 11.481200 W,1.6,168.9,A,DoorSpread,DoorMaster,6.085000,D,S,109661.000000
Thu Jul 31 13:23:24 2025,31-Jul-2025,162345,46 44.537400 N,063 11.481100 W,1.6,169.1,A,DoorSpread,DoorMaster,6.085000,D,S,109661.000000
Thu Jul 31 13:23:44 2025,31-Jul-2025,162346,46 44.536900 N,063 11.481100 W,1.6,169.4,A,DoorSpread,DoorMaster,4.840000,D,S,62408.000000
Thu Jul 31 13:23:44 2025,31-Jul-2025,162347,46 44.536500 N,063 11.481100 W,1.6,169.7,A,DoorSpread,DoorMaster,4.840000,D,S,62408.000000
Thu Jul 31 13:23:44 2025,31-Jul-2025,162348,46 44.536000 N,063 11.481000 W,1.6,169.8,A,DoorSpread,DoorMaster,4.840000,D,S,62408.000000
Thu Jul 31 13:23:44 2025,31-Jul-2025,162349,46 44.535600 N,063 11.480900 W,1.6,170.0,A,DoorSpread,DoorMaster,4.840000,D,S,62408.000000
Thu Jul 31 13:23:44 2025,31-Jul-2025,162350,46 44.535100 N,063 11.480900 W,1.6,170.3,A,DoorSpread,DoorMaster,4.840000,D,S,62408.000000
Thu Jul 31 13:23:44 2025,31-Jul-2025,162351,46 44.534700 N,063 11.480800 W,1.6,170.5,A,DoorSpread,DoorMaster,4.840000,D,S,62408.000000
Thu Jul 31 13:23:44 2025,31-Jul-2025,162352,46 44.534300 N,063 11.480700 W,1.6,170.4,A,DoorSpread,DoorMaster,4.840000,D,S,62408.000000
Thu Jul 31 13:23:44 2025,31-Jul-2025,162353,46 44.533900 N,063 11.480700 W,1.6,170.6,A,DoorSpread,DoorMaster,4.840000,D,S,62408.000000
Thu Jul 31 13:23:44 2025,31-Jul-2025,162354,46 44.533300 N,063 11.480700 W,1.7,170.9,A,DoorSpread,DoorMaster,4.840000,D,S,62408.000000
Thu Jul 31 13:23:44 2025,31-Jul-2025,162355,46 44.532900 N,063 11.480700 W,1.7,171.0,A,DoorSpread,DoorMaster,4.840000,D,S,62408.000000
Thu Jul 31 13:23:44 2025,31-Jul-2025,162356,46 44.532500 N,063 11.480500 W,1.6,170.9,A,DoorSpread,DoorMaster,4.840000,D,S,62408.000000
Thu Jul 31 13:23:44 2025,31-Jul-2025,162357,46 44.532100 N,063 11.480500 W,1.6,171.1,A,DoorSpread,DoorMaster,4.840000,D,S,62408.000000
Thu Jul 31 13:23:44 2025,31-Jul-2025,162358,46 44.531700 N,063 11.480700 W,1.7,171.5,A,DoorSpread,DoorMaster,4.840000,D,S,62408.000000
Thu Jul 31 13:23:44 2025,31-Jul-2025,162359,46 44.531400 N,063 11.480700 W,1.7,171.6,A,DoorSpread,DoorMaster,4.840000,D,S,62408.000000
Thu Jul 31 13:23:44 2025,31-Jul-2025,162400,46 44.531000 N,063 11.480600 W,1.7,171.6,A,DoorSpread,DoorMaster,4.840000,D,S,62408.000000
Thu Jul 31 13:23:44 2025,31-Jul-2025,162401,46 44.530600 N,063 11.480600 W,1.7,171.7,A,DoorSpread,DoorMaster,4.840000,D,S,62408.000000
Thu Jul 31 13:23:44 2025,31-Jul-2025,162402,46 44.530200 N,063 11.480600 W,1.8,172.1,A,DoorSpread,DoorMaster,4.840000,D,S,62408.000000
Thu Jul 31 13:24:01 2025,31-Jul-2025,162403,46 44.529700 N,063 11.480500 W,1.8,172.2,A,DoorSpread,DoorMaster,17.955000,D,S,103256.000000
Thu Jul 31 13:24:01 2025,31-Jul-2025,162404,46 44.529300 N,063 11.480300 W,1.7,172.3,A,DoorSpread,DoorMaster,17.955000,D,S,103256.000000
Thu Jul 31 13:24:01 2025,31-Jul-2025,162405,46 44.528800 N,063 11.480200 W,1.8,172.4,A,DoorSpread,DoorMaster,17.955000,D,S,103256.000000
Thu Jul 31 13:24:01 2025,31-Jul-2025,162406,46 44.528300 N,063 11.480300 W,1.8,172.6,A,DoorSpread,DoorMaster,17.955000,D,S,103256.000000
Thu Jul 31 13:24:01 2025,31-Jul-2025,162407,46 44.527700 N,063 11.480200 W,1.8,172.6,A,DoorSpread,DoorMaster,17.955000,D,S,103256.000000
Thu Jul 31 13:24:01 2025,31-Jul-2025,162408,46 44.527200 N,063 11.480100 W,1.9,172.5,A,DoorSpread,DoorMaster,17.955000,D,S,103256.000000
Thu Jul 31 13:24:01 2025,31-Jul-2025,162409,46 44.526600 N,063 11.480000 W,1.9,172.2,A,DoorSpread,DoorMaster,17.955000,D,S,103256.000000
Thu Jul 31 13:24:01 2025,31-Jul-2025,162410,46 44.526100 N,063 11.479900 W,1.9,172.0,A,DoorSpread,DoorMaster,17.955000,D,S,103256.000000
Thu Jul 31 13:24:01 2025,31-Jul-2025,162411,46 44.525600 N,063 11.479800 W,2.0,172.1,A,DoorSpread,DoorMaster,17.955000,D,S,103256.000000
Thu Jul 31 13:24:01 2025,31-Jul-2025,162412,46 44.524900 N,063 11.479600 W,2.0,171.9,A,DoorSpread,DoorMaster,17.955000,D,S,103256.000000
Thu Jul 31 13:24:01 2025,31-Jul-2025,162413,46 44.524400 N,063 11.479200 W,2.0,171.6,A,DoorSpread,DoorMaster,17.955000,D,S,103256.000000
Thu Jul 31 13:24:01 2025,31-Jul-2025,162414,46 44.523800 N,063 11.479000 W,2.0,171.6,A,DoorSpread,DoorMaster,17.955000,D,S,103256.000000
Thu Jul 31 13:24:01 2025,31-Jul-2025,162415,46 44.523200 N,063 11.478700 W,2.0,171.6,A,DoorSpread,DoorMaster,17.955000,D,S,103256.000000
Thu Jul 31 13:24:01 2025,31-Jul-2025,162416,46 44.522600 N,063 11.478500 W,2.0,171.4,A,DoorSpread,DoorMaster,17.955000,D,S,103256.000000
Thu Jul 31 13:24:01 2025,31-Jul-2025,162417,46 44.522100 N,063 11.478100 W,2.0,171.0,A,DoorSpread,DoorMaster,17.955000,D,S,103256.000000
Thu Jul 31 13:24:01 2025,31-Jul-2025,162418,46 44.521500 N,063 11.478000 W,2.1,171.0,A,DoorSpread,DoorMaster,17.955000,D,S,103256.000000
Thu Jul 31 13:24:16 2025,31-Jul-2025,162419,46 44.520900 N,063 11.477900 W,2.1,171.2,A,DoorSpread,DoorMaster,5.820000,D,S,152048.000000
Thu Jul 31 13:24:16 2025,31-Jul-2025,162420,46 44.520300 N,063 11.477800 W,2.1,171.2,A,DoorSpread,DoorMaster,5.820000,D,S,152048.000000
Thu Jul 31 13:24:16 2025,31-Jul-2025,162421,46 44.519700 N,063 11.477600 W,2.1,170.9,A,DoorSpread,DoorMaster,5.820000,D,S,152048.000000
Thu Jul 31 13:24:16 2025,31-Jul-2025,162422,46 44.519200 N,063 11.477400 W,2.1,170.6,A,DoorSpread,DoorMaster,5.820000,D,S,152048.000000
Thu Jul 31 13:24:16 2025,31-Jul-2025,162423,46 44.518700 N,063 11.477200 W,2.1,170.6,A,DoorSpread,DoorMaster,5.820000,D,S,152048.000000
Thu Jul 31 13:24:22 2025,31-Jul-2025,162424,46 44.518100 N,063 11.477000 W,2.2,170.4,A,DoorSpread,DoorMaster,5.945000,D,S,134673.000000
Thu Jul 31 13:24:22 2025,31-Jul-2025,162425,46 44.517500 N,063 11.476700 W,2.1,170.1,A,DoorSpread,DoorMaster,5.945000,D,S,134673.000000
Thu Jul 31 13:24:22 2025,31-Jul-2025,162426,46 44.516900 N,063 11.476400 W,2.1,169.9,A,DoorSpread,DoorMaster,5.945000,D,S,134673.000000
Thu Jul 31 13:24:22 2025,31-Jul-2025,162427,46 44.516300 N,063 11.476300 W,2.1,170.1,A,DoorSpread,DoorMaster,5.945000,D,S,134673.000000
Thu Jul 31 13:24:22 2025,31-Jul-2025,162428,46 44.515800 N,063 11.476100 W,2.1,169.8,A,DoorSpread,DoorMaster,5.945000,D,S,134673.000000
Thu Jul 31 13:24:22 2025,31-Jul-2025,162429,46 44.515200 N,063 11.475900 W,2.1,169.5,A,DoorSpread,DoorMaster,5.945000,D,S,134673.000000
Thu Jul 31 13:24:22 2025,31-Jul-2025,162430,46 44.514700 N,063 11.475600 W,2.2,169.4,A,DoorSpread,DoorMaster,5.945000,D,S,134673.000000
Thu Jul 31 13:24:22 2025,31-Jul-2025,162431,46 44.514000 N,063 11.475500 W,2.2,169.5,A,DoorSpread,DoorMaster,5.945000,D,S,134673.000000
Thu Jul 31 13:24:22 2025,31-Jul-2025,162432,46 44.513400 N,063 11.475400 W,2.1,169.4,A,DoorSpread,DoorMaster,5.945000,D,S,134673.000000
Thu Jul 31 13:24:22 2025,31-Jul-2025,162433,46 44.513000 N,063 11.475300 W,2.0,169.2,A,DoorSpread,DoorMaster,5.945000,D,S,134673.000000
Thu Jul 31 13:24:22 2025,31-Jul-2025,162434,46 44.512400 N,063 11.475200 W,2.1,169.1,A,DoorSpread,DoorMaster,5.945000,D,S,134673.000000
Thu Jul 31 13:24:33 2025,31-Jul-2025,162435,46 44.511700 N,063 11.475100 W,2.2,169.1,A,DoorSpread,DoorMaster,9.560000,D,S,176699.000000
Thu Jul 31 13:24:33 2025,31-Jul-2025,162436,46 44.511100 N,063 11.475000 W,2.1,169.0,A,DoorSpread,DoorMaster,9.560000,D,S,176699.000000
Thu Jul 31 13:24:33 2025,31-Jul-2025,162437,46 44.510600 N,063 11.474800 W,2.0,168.9,A,DoorSpread,DoorMaster,9.560000,D,S,176699.000000
Thu Jul 31 13:24:33 2025,31-Jul-2025,162438,46 44.510100 N,063 11.474600 W,2.1,168.8,A,DoorSpread,DoorMaster,9.560000,D,S,176699.000000
Thu Jul 31 13:24:33 2025,31-Jul-2025,162439,46 44.509300 N,063 11.474400 W,2.1,168.9,A,DoorSpread,DoorMaster,9.560000,D,S,176699.000000
Thu Jul 31 13:24:33 2025,31-Jul-2025,162440,46 44.508700 N,063 11.474200 W,2.1,168.8,A,DoorSpread,DoorMaster,9.560000,D,S,176699.000000
Thu Jul 31 13:24:33 2025,31-Jul-2025,162441,46 44.508000 N,063 11.473900 W,2.1,168.8,A,DoorSpread,DoorMaster,9.560000,D,S,176699.000000
Thu Jul 31 13:24:33 2025,31-Jul-2025,162442,46 44.507400 N,063 11.473700 W,2.1,168.8,A,DoorSpread,DoorMaster,9.560000,D,S,176699.000000
Thu Jul 31 13:24:33 2025,31-Jul-2025,162443,46 44.506700 N,063 11.473400 W,2.1,168.6,A,DoorSpread,DoorMaster,9.560000,D,S,176699.000000
Thu Jul 31 13:24:33 2025,31-Jul-2025,162444,46 44.506100 N,063 11.473100 W,2.1,168.4,A,DoorSpread,DoorMaster,9.560000,D,S,176699.000000
Thu Jul 31 13:24:33 2025,31-Jul-2025,162445,46 44.505500 N,063 11.472800 W,2.1,168.3,A,DoorSpread,DoorMaster,9.560000,D,S,176699.000000
Thu Jul 31 13:24:33 2025,31-Jul-2025,162446,46 44.504900 N,063 11.472700 W,2.1,168.2,A,DoorSpread,DoorMaster,9.560000,D,S,176699.000000
Thu Jul 31 13:24:33 2025,31-Jul-2025,162447,46 44.504300 N,063 11.472600 W,2.1,167.9,A,DoorSpread,DoorMaster,9.560000,D,S,176699.000000
Thu Jul 31 13:24:33 2025,31-Jul-2025,162448,46 44.503600 N,063 11.472400 W,2.1,167.8,A,DoorSpread,DoorMaster,9.560000,D,S,176699.000000
Thu Jul 31 13:24:33 2025,31-Jul-2025,162449,46 44.502900 N,063 11.472200 W,2.1,168.1,A,DoorSpread,DoorMaster,9.560000,D,S,176699.000000
Thu Jul 31 13:24:33 2025,31-Jul-2025,162450,46 44.502200 N,063 11.472000 W,2.1,168.4,A,DoorSpread,DoorMaster,9.560000,D,S,176699.000000
Thu Jul 31 13:24:33 2025,31-Jul-2025,162451,46 44.501600 N,063 11.471700 W,2.2,168.4,A,DoorSpread,DoorMaster,9.560000,D,S,176699.000000
Thu Jul 31 13:24:33 2025,31-Jul-2025,162452,46 44.501000 N,063 11.471400 W,2.2,168.7,A,DoorSpread,DoorMaster,9.560000,D,S,176699.000000
Thu Jul 31 13:24:33 2025,31-Jul-2025,162453,46 44.500300 N,063 11.471300 W,2.2,169.2,A,DoorSpread,DoorMaster,9.560000,D,S,176699.000000
Thu Jul 31 13:24:33 2025,31-Jul-2025,162454,46 44.499700 N,063 11.471000 W,2.2,169.4,A,DoorSpread,DoorMaster,9.560000,D,S,176699.000000
Thu Jul 31 13:24:33 2025,31-Jul-2025,162455,46 44.499100 N,063 11.470700 W,2.2,169.5,A,DoorSpread,DoorMaster,9.560000,D,S,176699.000000
Thu Jul 31 13:24:33 2025,31-Jul-2025,162456,46 44.498500 N,063 11.470400 W,2.2,169.5,A,DoorSpread,DoorMaster,9.560000,D,S,176699.000000
Thu Jul 31 13:24:33 2025,31-Jul-2025,162457,46 44.497900 N,063 11.470300 W,2.2,169.6,A,DoorSpread,DoorMaster,9.560000,D,S,176699.000000
Thu Jul 31 13:24:33 2025,31-Jul-2025,162458,46 44.497400 N,063 11.470100 W,2.1,169.4,A,DoorSpread,DoorMaster,9.560000,D,S,176699.000000
Thu Jul 31 13:24:33 2025,31-Jul-2025,162459,46 44.496900 N,063 11.470000 W,2.1,169.2,A,DoorSpread,DoorMaster,9.560000,D,S,176699.000000
Thu Jul 31 13:24:33 2025,31-Jul-2025,162500,46 44.496300 N,063 11.469800 W,2.2,169.1,A,DoorSpread,DoorMaster,9.560000,D,S,176699.000000
Thu Jul 31 13:24:33 2025,31-Jul-2025,162501,46 44.495600 N,063 11.469600 W,2.2,169.1,A,DoorSpread,DoorMaster,9.560000,D,S,176699.000000
Thu Jul 31 13:24:33 2025,31-Jul-2025,162502,46 44.495000 N,063 11.469500 W,2.2,169.0,A,DoorSpread,DoorMaster,9.560000,D,S,176699.000000
Thu Jul 31 13:24:33 2025,31-Jul-2025,162503,46 44.494500 N,063 11.469200 W,2.1,168.6,A,DoorSpread,DoorMaster,9.560000,D,S,176699.000000
Thu Jul 31 13:24:33 2025,31-Jul-2025,162504,46 44.494000 N,063 11.468900 W,2.1,168.1,A,DoorSpread,DoorMaster,9.560000,D,S,176699.000000
Thu Jul 31 13:24:33 2025,31-Jul-2025,162505,46 44.493300 N,063 11.468600 W,2.2,167.7,A,DoorSpread,DoorMaster,9.560000,D,S,176699.000000
Thu Jul 31 13:24:33 2025,31-Jul-2025,162506,46 44.492600 N,063 11.468300 W,2.2,167.6,A,DoorSpread,DoorMaster,9.560000,D,S,176699.000000
Thu Jul 31 13:24:33 2025,31-Jul-2025,162507,46 44.491800 N,063 11.468000 W,2.3,167.5,A,DoorSpread,DoorMaster,9.560000,D,S,176699.000000
Thu Jul 31 13:24:33 2025,31-Jul-2025,162508,46 44.491000 N,063 11.467800 W,2.3,167.2,A,DoorSpread,DoorMaster,9.560000,D,S,176699.000000
